,Source,Target,Weight,Type
1,epik_lemma_achleitner,epik_lemma_arnim,2,undirected
2,epik_lemma_achleitner,epik_lemma_goethe,3,undirected
3,epik_lemma_achleitner,epik_lemma_heiberg,3,undirected
4,epik_lemma_achleitner,epik_lemma_hoffmann,2,undirected
5,epik_lemma_achleitner,epik_lemma_may,3,undirected
6,epik_lemma_achleitner,epik_lemma_wassermann,1,undirected
7,epik_lemma_arnim,epik_lemma_achleitner,2,undirected
8,epik_lemma_arnim,epik_lemma_bonsels,3,undirected
9,epik_lemma_arnim,epik_lemma_falke,2,undirected
10,epik_lemma_arnim,epik_lemma_fischer,2,undirected
11,epik_lemma_arnim,epik_lemma_gerstacker,1,undirected
12,epik_lemma_arnim,epik_lemma_heiberg,4,undirected
13,epik_lemma_arnim,epik_lemma_hoffmann,1,undirected
14,epik_lemma_arnim,epik_lemma_kafka,3,undirected
15,epik_lemma_arnim,epik_lemma_keller,4,undirected
16,epik_lemma_arnim,epik_lemma_lewald,2,undirected
17,epik_lemma_arnim,epik_lemma_may,1,undirected
18,epik_lemma_arnim,epik_lemma_meyer,2,undirected
19,epik_lemma_arnim,epik_lemma_wassermann,6,undirected
20,epik_lemma_bonsels,epik_lemma_arnim,3,undirected
21,epik_lemma_bonsels,epik_lemma_falke,2,undirected
22,epik_lemma_bonsels,epik_lemma_keller,1,undirected
23,epik_lemma_brentano,epik_lemma_goethe,1,undirected
24,epik_lemma_brentano,epik_lemma_hoffmann,6,undirected
25,epik_lemma_brentano,epik_lemma_meyer,2,undirected
26,epik_lemma_brentano,lyrik_lemma_l00180116,1,undirected
27,epik_lemma_brentano,lyrik_lemma_l00180161,2,undirected
28,epik_lemma_brentano,lyrik_lemma_l00180187,3,undirected
29,epik_lemma_brentano,lyrik_lemma_l00180188,2,undirected
30,epik_lemma_brentano,lyrik_lemma_l00180220,1,undirected
31,epik_lemma_falke,epik_lemma_arnim,2,undirected
32,epik_lemma_falke,epik_lemma_bonsels,2,undirected
33,epik_lemma_falke,epik_lemma_heiberg,6,undirected
34,epik_lemma_falke,epik_lemma_kafka,3,undirected
35,epik_lemma_fischer,epik_lemma_arnim,2,undirected
36,epik_lemma_fischer,epik_lemma_keller,1,undirected
37,epik_lemma_fischer,epik_lemma_lewald,3,undirected
38,epik_lemma_fontane,epik_lemma_hesse,6,undirected
39,epik_lemma_fontane,epik_lemma_keller,2,undirected
40,epik_lemma_fontane,epik_lemma_sapper,1,undirected
41,epik_lemma_fontane,epik_lemma_schnitzler,1,undirected
42,epik_lemma_fontane,epik_lemma_spyri,3,undirected
43,epik_lemma_gerstacker,epik_lemma_arnim,1,undirected
44,epik_lemma_gerstacker,epik_lemma_kafka,3,undirected
45,epik_lemma_gerstacker,epik_lemma_schnitzler,3,undirected
46,epik_lemma_goethe,epik_lemma_achleitner,3,undirected
47,epik_lemma_goethe,epik_lemma_brentano,1,undirected
48,epik_lemma_goethe,epik_lemma_may,1,undirected
49,epik_lemma_goethe,epik_lemma_wassermann,2,undirected
50,epik_lemma_goethe,lyrik_lemma_l00180220,2,undirected
51,epik_lemma_heiberg,epik_lemma_achleitner,3,undirected
52,epik_lemma_heiberg,epik_lemma_arnim,4,undirected
53,epik_lemma_heiberg,epik_lemma_falke,6,undirected
54,epik_lemma_heiberg,epik_lemma_keller,1,undirected
55,epik_lemma_heiberg,epik_lemma_lewald,3,undirected
56,epik_lemma_heiberg,epik_lemma_mann,3,undirected
57,epik_lemma_heiberg,epik_lemma_sapper,2,undirected
58,epik_lemma_heiberg,epik_lemma_schnitzler,2,undirected
59,epik_lemma_heiberg,epik_lemma_wassermann,3,undirected
60,epik_lemma_hesse,epik_lemma_fontane,6,undirected
61,epik_lemma_hesse,epik_lemma_sapper,2,undirected
62,epik_lemma_hesse,epik_lemma_schnitzler,1,undirected
63,epik_lemma_hesse,epik_lemma_spyri,1,undirected
64,epik_lemma_hoffmann,epik_lemma_achleitner,2,undirected
65,epik_lemma_hoffmann,epik_lemma_arnim,1,undirected
66,epik_lemma_hoffmann,epik_lemma_brentano,6,undirected
67,epik_lemma_hoffmann,epik_lemma_meyer,1,undirected
68,epik_lemma_kafka,epik_lemma_arnim,3,undirected
69,epik_lemma_kafka,epik_lemma_falke,3,undirected
70,epik_lemma_kafka,epik_lemma_gerstacker,3,undirected
71,epik_lemma_keller,epik_lemma_arnim,4,undirected
72,epik_lemma_keller,epik_lemma_bonsels,1,undirected
73,epik_lemma_keller,epik_lemma_fischer,1,undirected
74,epik_lemma_keller,epik_lemma_fontane,2,undirected
75,epik_lemma_keller,epik_lemma_heiberg,1,undirected
76,epik_lemma_keller,epik_lemma_wassermann,3,undirected
77,epik_lemma_lewald,epik_lemma_arnim,2,undirected
78,epik_lemma_lewald,epik_lemma_fischer,3,undirected
79,epik_lemma_lewald,epik_lemma_heiberg,3,undirected
80,epik_lemma_lewald,epik_lemma_may,3,undirected
81,epik_lemma_mann,epik_lemma_heiberg,3,undirected
82,epik_lemma_mann,epik_lemma_schnitzler,1,undirected
83,epik_lemma_mann,epik_lemma_wassermann,2,undirected
84,epik_lemma_may,epik_lemma_achleitner,3,undirected
85,epik_lemma_may,epik_lemma_arnim,1,undirected
86,epik_lemma_may,epik_lemma_goethe,1,undirected
87,epik_lemma_may,epik_lemma_lewald,3,undirected
88,epik_lemma_meyer,epik_lemma_arnim,2,undirected
89,epik_lemma_meyer,epik_lemma_brentano,2,undirected
90,epik_lemma_meyer,epik_lemma_hoffmann,1,undirected
91,epik_lemma_meyer,epik_lemma_wassermann,3,undirected
92,epik_lemma_sapper,epik_lemma_fontane,1,undirected
93,epik_lemma_sapper,epik_lemma_heiberg,2,undirected
94,epik_lemma_sapper,epik_lemma_hesse,2,undirected
95,epik_lemma_sapper,epik_lemma_schnitzler,6,undirected
96,epik_lemma_sapper,epik_lemma_spyri,2,undirected
97,epik_lemma_schnitzler,epik_lemma_fontane,1,undirected
98,epik_lemma_schnitzler,epik_lemma_gerstacker,3,undirected
99,epik_lemma_schnitzler,epik_lemma_heiberg,2,undirected
100,epik_lemma_schnitzler,epik_lemma_hesse,1,undirected
101,epik_lemma_schnitzler,epik_lemma_mann,1,undirected
102,epik_lemma_schnitzler,epik_lemma_sapper,6,undirected
103,epik_lemma_schnitzler,epik_lemma_wassermann,1,undirected
104,epik_lemma_spyri,epik_lemma_fontane,3,undirected
105,epik_lemma_spyri,epik_lemma_hesse,1,undirected
106,epik_lemma_spyri,epik_lemma_sapper,2,undirected
107,epik_lemma_wassermann,epik_lemma_achleitner,1,undirected
108,epik_lemma_wassermann,epik_lemma_arnim,6,undirected
109,epik_lemma_wassermann,epik_lemma_goethe,2,undirected
110,epik_lemma_wassermann,epik_lemma_heiberg,3,undirected
111,epik_lemma_wassermann,epik_lemma_keller,3,undirected
112,epik_lemma_wassermann,epik_lemma_mann,2,undirected
113,epik_lemma_wassermann,epik_lemma_meyer,3,undirected
114,epik_lemma_wassermann,epik_lemma_schnitzler,1,undirected
115,lyrik_lemma_l00180004,lyrik_lemma_l00180006,1,undirected
116,lyrik_lemma_l00180004,lyrik_lemma_l00180010,2,undirected
117,lyrik_lemma_l00180004,lyrik_lemma_l00180207,3,undirected
118,lyrik_lemma_l00180005,lyrik_lemma_l00180006,3,undirected
119,lyrik_lemma_l00180005,lyrik_lemma_l00180015,2,undirected
120,lyrik_lemma_l00180005,lyrik_lemma_l00180027,1,undirected
121,lyrik_lemma_l00180005,lyrik_lemma_l00180029,1,undirected
122,lyrik_lemma_l00180005,lyrik_lemma_l00180031,2,undirected
123,lyrik_lemma_l00180005,lyrik_lemma_l00180032,1,undirected
124,lyrik_lemma_l00180005,lyrik_lemma_l00180034,1,undirected
125,lyrik_lemma_l00180005,lyrik_lemma_l00180041,2,undirected
126,lyrik_lemma_l00180005,lyrik_lemma_l00180052,1,undirected
127,lyrik_lemma_l00180005,lyrik_lemma_l00180053,3,undirected
128,lyrik_lemma_l00180005,lyrik_lemma_l00180059,1,undirected
129,lyrik_lemma_l00180005,lyrik_lemma_l00180067,2,undirected
130,lyrik_lemma_l00180005,lyrik_lemma_l00180151,1,undirected
131,lyrik_lemma_l00180005,lyrik_lemma_l00180173,2,undirected
132,lyrik_lemma_l00180005,lyrik_lemma_l00180177,3,undirected
133,lyrik_lemma_l00180005,lyrik_lemma_l00180191,2,undirected
134,lyrik_lemma_l00180005,lyrik_lemma_l00180201,2,undirected
135,lyrik_lemma_l00180005,lyrik_lemma_l00180206,3,undirected
136,lyrik_lemma_l00180005,lyrik_lemma_l00180210,1,undirected
137,lyrik_lemma_l00180006,lyrik_lemma_l00180004,1,undirected
138,lyrik_lemma_l00180006,lyrik_lemma_l00180005,3,undirected
139,lyrik_lemma_l00180006,lyrik_lemma_l00180007,3,undirected
140,lyrik_lemma_l00180006,lyrik_lemma_l00180008,3,undirected
141,lyrik_lemma_l00180006,lyrik_lemma_l00180009,2,undirected
142,lyrik_lemma_l00180006,lyrik_lemma_l00180010,1,undirected
143,lyrik_lemma_l00180006,lyrik_lemma_l00180016,1,undirected
144,lyrik_lemma_l00180006,lyrik_lemma_l00180017,2,undirected
145,lyrik_lemma_l00180006,lyrik_lemma_l00180019,2,undirected
146,lyrik_lemma_l00180006,lyrik_lemma_l00180020,3,undirected
147,lyrik_lemma_l00180006,lyrik_lemma_l00180026,3,undirected
148,lyrik_lemma_l00180006,lyrik_lemma_l00180027,2,undirected
149,lyrik_lemma_l00180006,lyrik_lemma_l00180029,2,undirected
150,lyrik_lemma_l00180006,lyrik_lemma_l00180030,1,undirected
151,lyrik_lemma_l00180006,lyrik_lemma_l00180032,3,undirected
152,lyrik_lemma_l00180006,lyrik_lemma_l00180041,3,undirected
153,lyrik_lemma_l00180006,lyrik_lemma_l00180052,2,undirected
154,lyrik_lemma_l00180006,lyrik_lemma_l00180053,2,undirected
155,lyrik_lemma_l00180006,lyrik_lemma_l00180061,3,undirected
156,lyrik_lemma_l00180006,lyrik_lemma_l00180063,2,undirected
157,lyrik_lemma_l00180006,lyrik_lemma_l00180067,6,undirected
158,lyrik_lemma_l00180006,lyrik_lemma_l00180068,1,undirected
159,lyrik_lemma_l00180006,lyrik_lemma_l00180071,1,undirected
160,lyrik_lemma_l00180006,lyrik_lemma_l00180072,3,undirected
161,lyrik_lemma_l00180006,lyrik_lemma_l00180076,3,undirected
162,lyrik_lemma_l00180006,lyrik_lemma_l00180078,3,undirected
163,lyrik_lemma_l00180006,lyrik_lemma_l00180083,2,undirected
164,lyrik_lemma_l00180006,lyrik_lemma_l00180085,2,undirected
165,lyrik_lemma_l00180006,lyrik_lemma_l00180086,1,undirected
166,lyrik_lemma_l00180006,lyrik_lemma_l00180087,3,undirected
167,lyrik_lemma_l00180006,lyrik_lemma_l00180090,3,undirected
168,lyrik_lemma_l00180006,lyrik_lemma_l00180091,2,undirected
169,lyrik_lemma_l00180006,lyrik_lemma_l00180099,3,undirected
170,lyrik_lemma_l00180006,lyrik_lemma_l00180102,1,undirected
171,lyrik_lemma_l00180006,lyrik_lemma_l00180109,3,undirected
172,lyrik_lemma_l00180006,lyrik_lemma_l00180126,3,undirected
173,lyrik_lemma_l00180006,lyrik_lemma_l00180127,3,undirected
174,lyrik_lemma_l00180006,lyrik_lemma_l00180131,1,undirected
175,lyrik_lemma_l00180006,lyrik_lemma_l00180146,2,undirected
176,lyrik_lemma_l00180006,lyrik_lemma_l00180148,1,undirected
177,lyrik_lemma_l00180006,lyrik_lemma_l00180149,2,undirected
178,lyrik_lemma_l00180006,lyrik_lemma_l00180150,1,undirected
179,lyrik_lemma_l00180006,lyrik_lemma_l00180152,2,undirected
180,lyrik_lemma_l00180006,lyrik_lemma_l00180153,3,undirected
181,lyrik_lemma_l00180006,lyrik_lemma_l00180154,3,undirected
182,lyrik_lemma_l00180006,lyrik_lemma_l00180157,1,undirected
183,lyrik_lemma_l00180006,lyrik_lemma_l00180163,2,undirected
184,lyrik_lemma_l00180006,lyrik_lemma_l00180165,1,undirected
185,lyrik_lemma_l00180006,lyrik_lemma_l00180168,1,undirected
186,lyrik_lemma_l00180006,lyrik_lemma_l00180169,1,undirected
187,lyrik_lemma_l00180006,lyrik_lemma_l00180178,1,undirected
188,lyrik_lemma_l00180006,lyrik_lemma_l00180191,3,undirected
189,lyrik_lemma_l00180006,lyrik_lemma_l00180192,1,undirected
190,lyrik_lemma_l00180006,lyrik_lemma_l00180196,3,undirected
191,lyrik_lemma_l00180006,lyrik_lemma_l00180198,3,undirected
192,lyrik_lemma_l00180006,lyrik_lemma_l00180204,5,undirected
193,lyrik_lemma_l00180006,lyrik_lemma_l00180205,3,undirected
194,lyrik_lemma_l00180006,lyrik_lemma_l00180207,2,undirected
195,lyrik_lemma_l00180006,lyrik_lemma_l00180209,3,undirected
196,lyrik_lemma_l00180006,lyrik_lemma_l00180211,2,undirected
197,lyrik_lemma_l00180006,lyrik_lemma_l00180212,1,undirected
198,lyrik_lemma_l00180006,lyrik_lemma_l00180213,1,undirected
199,lyrik_lemma_l00180006,lyrik_lemma_l00180216,1,undirected
200,lyrik_lemma_l00180006,lyrik_lemma_l00180218,3,undirected
201,lyrik_lemma_l00180006,lyrik_lemma_l00180219,2,undirected
202,lyrik_lemma_l00180006,lyrik_lemma_l00180222,2,undirected
203,lyrik_lemma_l00180007,lyrik_lemma_l00180006,3,undirected
204,lyrik_lemma_l00180007,lyrik_lemma_l00180027,1,undirected
205,lyrik_lemma_l00180007,lyrik_lemma_l00180181,1,undirected
206,lyrik_lemma_l00180007,lyrik_lemma_l00180207,2,undirected
207,lyrik_lemma_l00180008,lyrik_lemma_l00180006,3,undirected
208,lyrik_lemma_l00180008,lyrik_lemma_l00180011,1,undirected
209,lyrik_lemma_l00180008,lyrik_lemma_l00180021,3,undirected
210,lyrik_lemma_l00180008,lyrik_lemma_l00180026,1,undirected
211,lyrik_lemma_l00180008,lyrik_lemma_l00180067,2,undirected
212,lyrik_lemma_l00180008,lyrik_lemma_l00180110,2,undirected
213,lyrik_lemma_l00180008,lyrik_lemma_l00180122,1,undirected
214,lyrik_lemma_l00180008,lyrik_lemma_l00180130,1,undirected
215,lyrik_lemma_l00180008,lyrik_lemma_l00180131,3,undirected
216,lyrik_lemma_l00180008,lyrik_lemma_l00180143,2,undirected
217,lyrik_lemma_l00180008,lyrik_lemma_l00180147,1,undirected
218,lyrik_lemma_l00180008,lyrik_lemma_l00180164,1,undirected
219,lyrik_lemma_l00180008,lyrik_lemma_l00180169,2,undirected
220,lyrik_lemma_l00180008,lyrik_lemma_l00180171,1,undirected
221,lyrik_lemma_l00180008,lyrik_lemma_l00180173,3,undirected
222,lyrik_lemma_l00180008,lyrik_lemma_l00180184,2,undirected
223,lyrik_lemma_l00180008,lyrik_lemma_l00180205,1,undirected
224,lyrik_lemma_l00180008,lyrik_lemma_l00180216,2,undirected
225,lyrik_lemma_l00180009,lyrik_lemma_l00180006,2,undirected
226,lyrik_lemma_l00180009,lyrik_lemma_l00180027,1,undirected
227,lyrik_lemma_l00180009,lyrik_lemma_l00180040,2,undirected
228,lyrik_lemma_l00180009,lyrik_lemma_l00180083,1,undirected
229,lyrik_lemma_l00180009,lyrik_lemma_l00180162,1,undirected
230,lyrik_lemma_l00180009,lyrik_lemma_l00180177,2,undirected
231,lyrik_lemma_l00180009,lyrik_lemma_l00180179,1,undirected
232,lyrik_lemma_l00180009,lyrik_lemma_l00180191,3,undirected
233,lyrik_lemma_l00180010,lyrik_lemma_l00180004,2,undirected
234,lyrik_lemma_l00180010,lyrik_lemma_l00180006,1,undirected
235,lyrik_lemma_l00180010,lyrik_lemma_l00180013,4,undirected
236,lyrik_lemma_l00180010,lyrik_lemma_l00180017,3,undirected
237,lyrik_lemma_l00180010,lyrik_lemma_l00180038,3,undirected
238,lyrik_lemma_l00180010,lyrik_lemma_l00180040,1,undirected
239,lyrik_lemma_l00180010,lyrik_lemma_l00180067,2,undirected
240,lyrik_lemma_l00180010,lyrik_lemma_l00180089,3,undirected
241,lyrik_lemma_l00180010,lyrik_lemma_l00180121,1,undirected
242,lyrik_lemma_l00180010,lyrik_lemma_l00180171,2,undirected
243,lyrik_lemma_l00180010,lyrik_lemma_l00180206,1,undirected
244,lyrik_lemma_l00180011,lyrik_lemma_l00180008,1,undirected
245,lyrik_lemma_l00180011,lyrik_lemma_l00180018,1,undirected
246,lyrik_lemma_l00180011,lyrik_lemma_l00180028,1,undirected
247,lyrik_lemma_l00180011,lyrik_lemma_l00180033,1,undirected
248,lyrik_lemma_l00180011,lyrik_lemma_l00180036,2,undirected
249,lyrik_lemma_l00180011,lyrik_lemma_l00180045,1,undirected
250,lyrik_lemma_l00180011,lyrik_lemma_l00180053,1,undirected
251,lyrik_lemma_l00180011,lyrik_lemma_l00180061,1,undirected
252,lyrik_lemma_l00180011,lyrik_lemma_l00180064,1,undirected
253,lyrik_lemma_l00180011,lyrik_lemma_l00180086,5,undirected
254,lyrik_lemma_l00180011,lyrik_lemma_l00180122,3,undirected
255,lyrik_lemma_l00180011,lyrik_lemma_l00180146,1,undirected
256,lyrik_lemma_l00180011,lyrik_lemma_l00180148,2,undirected
257,lyrik_lemma_l00180011,lyrik_lemma_l00180155,1,undirected
258,lyrik_lemma_l00180011,lyrik_lemma_l00180172,2,undirected
259,lyrik_lemma_l00180011,lyrik_lemma_l00180176,1,undirected
260,lyrik_lemma_l00180011,lyrik_lemma_l00180201,3,undirected
261,lyrik_lemma_l00180011,lyrik_lemma_l00180202,1,undirected
262,lyrik_lemma_l00180011,lyrik_lemma_l00180205,2,undirected
263,lyrik_lemma_l00180011,lyrik_lemma_l00180207,5,undirected
264,lyrik_lemma_l00180011,lyrik_lemma_l00180217,1,undirected
265,lyrik_lemma_l00180012,lyrik_lemma_l00180013,2,undirected
266,lyrik_lemma_l00180012,lyrik_lemma_l00180019,1,undirected
267,lyrik_lemma_l00180012,lyrik_lemma_l00180124,3,undirected
268,lyrik_lemma_l00180013,lyrik_lemma_l00180010,4,undirected
269,lyrik_lemma_l00180013,lyrik_lemma_l00180012,2,undirected
270,lyrik_lemma_l00180013,lyrik_lemma_l00180019,6,undirected
271,lyrik_lemma_l00180013,lyrik_lemma_l00180023,2,undirected
272,lyrik_lemma_l00180013,lyrik_lemma_l00180024,2,undirected
273,lyrik_lemma_l00180013,lyrik_lemma_l00180034,3,undirected
274,lyrik_lemma_l00180013,lyrik_lemma_l00180039,1,undirected
275,lyrik_lemma_l00180013,lyrik_lemma_l00180066,3,undirected
276,lyrik_lemma_l00180013,lyrik_lemma_l00180070,3,undirected
277,lyrik_lemma_l00180013,lyrik_lemma_l00180073,1,undirected
278,lyrik_lemma_l00180013,lyrik_lemma_l00180074,1,undirected
279,lyrik_lemma_l00180013,lyrik_lemma_l00180075,3,undirected
280,lyrik_lemma_l00180013,lyrik_lemma_l00180084,1,undirected
281,lyrik_lemma_l00180013,lyrik_lemma_l00180088,1,undirected
282,lyrik_lemma_l00180013,lyrik_lemma_l00180091,1,undirected
283,lyrik_lemma_l00180013,lyrik_lemma_l00180095,2,undirected
284,lyrik_lemma_l00180013,lyrik_lemma_l00180097,2,undirected
285,lyrik_lemma_l00180013,lyrik_lemma_l00180098,3,undirected
286,lyrik_lemma_l00180013,lyrik_lemma_l00180106,1,undirected
287,lyrik_lemma_l00180013,lyrik_lemma_l00180110,3,undirected
288,lyrik_lemma_l00180013,lyrik_lemma_l00180117,2,undirected
289,lyrik_lemma_l00180013,lyrik_lemma_l00180132,3,undirected
290,lyrik_lemma_l00180013,lyrik_lemma_l00180135,3,undirected
291,lyrik_lemma_l00180013,lyrik_lemma_l00180142,1,undirected
292,lyrik_lemma_l00180013,lyrik_lemma_l00180151,2,undirected
293,lyrik_lemma_l00180013,lyrik_lemma_l00180155,2,undirected
294,lyrik_lemma_l00180013,lyrik_lemma_l00180159,1,undirected
295,lyrik_lemma_l00180013,lyrik_lemma_l00180171,3,undirected
296,lyrik_lemma_l00180013,lyrik_lemma_l00180179,2,undirected
297,lyrik_lemma_l00180013,lyrik_lemma_l00180180,2,undirected
298,lyrik_lemma_l00180013,lyrik_lemma_l00180189,2,undirected
299,lyrik_lemma_l00180013,lyrik_lemma_l00180195,3,undirected
300,lyrik_lemma_l00180013,lyrik_lemma_l00180200,2,undirected
301,lyrik_lemma_l00180013,lyrik_lemma_l00180207,2,undirected
302,lyrik_lemma_l00180013,lyrik_lemma_l00180210,2,undirected
303,lyrik_lemma_l00180013,lyrik_lemma_l00180214,2,undirected
304,lyrik_lemma_l00180013,lyrik_lemma_l00180223,2,undirected
305,lyrik_lemma_l00180014,lyrik_lemma_l00180026,1,undirected
306,lyrik_lemma_l00180014,lyrik_lemma_l00180193,1,undirected
307,lyrik_lemma_l00180014,lyrik_lemma_l00180207,2,undirected
308,lyrik_lemma_l00180014,lyrik_lemma_l00180210,3,undirected
309,lyrik_lemma_l00180015,lyrik_lemma_l00180005,2,undirected
310,lyrik_lemma_l00180015,lyrik_lemma_l00180019,1,undirected
311,lyrik_lemma_l00180015,lyrik_lemma_l00180207,3,undirected
312,lyrik_lemma_l00180016,lyrik_lemma_l00180006,1,undirected
313,lyrik_lemma_l00180016,lyrik_lemma_l00180152,3,undirected
314,lyrik_lemma_l00180016,lyrik_lemma_l00180158,3,undirected
315,lyrik_lemma_l00180016,lyrik_lemma_l00180204,2,undirected
316,lyrik_lemma_l00180016,lyrik_lemma_l00180216,3,undirected
317,lyrik_lemma_l00180017,lyrik_lemma_l00180006,2,undirected
318,lyrik_lemma_l00180017,lyrik_lemma_l00180010,3,undirected
319,lyrik_lemma_l00180017,lyrik_lemma_l00180149,1,undirected
320,lyrik_lemma_l00180018,lyrik_lemma_l00180011,1,undirected
321,lyrik_lemma_l00180018,lyrik_lemma_l00180029,2,undirected
322,lyrik_lemma_l00180018,lyrik_lemma_l00180207,3,undirected
323,lyrik_lemma_l00180019,lyrik_lemma_l00180006,2,undirected
324,lyrik_lemma_l00180019,lyrik_lemma_l00180012,1,undirected
325,lyrik_lemma_l00180019,lyrik_lemma_l00180013,6,undirected
326,lyrik_lemma_l00180019,lyrik_lemma_l00180015,1,undirected
327,lyrik_lemma_l00180019,lyrik_lemma_l00180026,2,undirected
328,lyrik_lemma_l00180019,lyrik_lemma_l00180040,3,undirected
329,lyrik_lemma_l00180019,lyrik_lemma_l00180050,2,undirected
330,lyrik_lemma_l00180019,lyrik_lemma_l00180067,1,undirected
331,lyrik_lemma_l00180019,lyrik_lemma_l00180073,2,undirected
332,lyrik_lemma_l00180019,lyrik_lemma_l00180074,3,undirected
333,lyrik_lemma_l00180019,lyrik_lemma_l00180081,3,undirected
334,lyrik_lemma_l00180019,lyrik_lemma_l00180083,3,undirected
335,lyrik_lemma_l00180019,lyrik_lemma_l00180084,3,undirected
336,lyrik_lemma_l00180019,lyrik_lemma_l00180099,2,undirected
337,lyrik_lemma_l00180019,lyrik_lemma_l00180104,2,undirected
338,lyrik_lemma_l00180019,lyrik_lemma_l00180130,2,undirected
339,lyrik_lemma_l00180019,lyrik_lemma_l00180152,1,undirected
340,lyrik_lemma_l00180019,lyrik_lemma_l00180162,3,undirected
341,lyrik_lemma_l00180019,lyrik_lemma_l00180169,3,undirected
342,lyrik_lemma_l00180019,lyrik_lemma_l00180170,1,undirected
343,lyrik_lemma_l00180019,lyrik_lemma_l00180204,2,undirected
344,lyrik_lemma_l00180019,lyrik_lemma_l00180213,2,undirected
345,lyrik_lemma_l00180019,lyrik_lemma_l00180214,1,undirected
346,lyrik_lemma_l00180019,lyrik_lemma_l00180222,3,undirected
347,lyrik_lemma_l00180020,lyrik_lemma_l00180006,3,undirected
348,lyrik_lemma_l00180020,lyrik_lemma_l00180191,1,undirected
349,lyrik_lemma_l00180020,lyrik_lemma_l00180201,2,undirected
350,lyrik_lemma_l00180021,lyrik_lemma_l00180008,3,undirected
351,lyrik_lemma_l00180021,lyrik_lemma_l00180053,1,undirected
352,lyrik_lemma_l00180021,lyrik_lemma_l00180207,2,undirected
353,lyrik_lemma_l00180022,lyrik_lemma_l00180029,2,undirected
354,lyrik_lemma_l00180022,lyrik_lemma_l00180038,1,undirected
355,lyrik_lemma_l00180022,lyrik_lemma_l00180140,2,undirected
356,lyrik_lemma_l00180022,lyrik_lemma_l00180175,1,undirected
357,lyrik_lemma_l00180022,lyrik_lemma_l00180207,3,undirected
358,lyrik_lemma_l00180022,lyrik_lemma_l00180210,1,undirected
359,lyrik_lemma_l00180023,lyrik_lemma_l00180013,2,undirected
360,lyrik_lemma_l00180023,lyrik_lemma_l00180201,1,undirected
361,lyrik_lemma_l00180023,lyrik_lemma_l00180207,3,undirected
362,lyrik_lemma_l00180024,lyrik_lemma_l00180013,2,undirected
363,lyrik_lemma_l00180024,lyrik_lemma_l00180025,2,undirected
364,lyrik_lemma_l00180024,lyrik_lemma_l00180086,1,undirected
365,lyrik_lemma_l00180024,lyrik_lemma_l00180207,3,undirected
366,lyrik_lemma_l00180025,lyrik_lemma_l00180024,2,undirected
367,lyrik_lemma_l00180025,lyrik_lemma_l00180029,1,undirected
368,lyrik_lemma_l00180025,lyrik_lemma_l00180201,3,undirected
369,lyrik_lemma_l00180026,lyrik_lemma_l00180006,3,undirected
370,lyrik_lemma_l00180026,lyrik_lemma_l00180008,1,undirected
371,lyrik_lemma_l00180026,lyrik_lemma_l00180014,1,undirected
372,lyrik_lemma_l00180026,lyrik_lemma_l00180019,2,undirected
373,lyrik_lemma_l00180026,lyrik_lemma_l00180124,2,undirected
374,lyrik_lemma_l00180027,lyrik_lemma_l00180005,1,undirected
375,lyrik_lemma_l00180027,lyrik_lemma_l00180006,2,undirected
376,lyrik_lemma_l00180027,lyrik_lemma_l00180007,1,undirected
377,lyrik_lemma_l00180027,lyrik_lemma_l00180009,1,undirected
378,lyrik_lemma_l00180027,lyrik_lemma_l00180028,2,undirected
379,lyrik_lemma_l00180027,lyrik_lemma_l00180071,3,undirected
380,lyrik_lemma_l00180027,lyrik_lemma_l00180080,2,undirected
381,lyrik_lemma_l00180027,lyrik_lemma_l00180101,1,undirected
382,lyrik_lemma_l00180027,lyrik_lemma_l00180123,3,undirected
383,lyrik_lemma_l00180027,lyrik_lemma_l00180145,2,undirected
384,lyrik_lemma_l00180027,lyrik_lemma_l00180207,3,undirected
385,lyrik_lemma_l00180027,lyrik_lemma_l00180208,1,undirected
386,lyrik_lemma_l00180027,lyrik_lemma_l00180214,3,undirected
387,lyrik_lemma_l00180027,lyrik_lemma_l00180217,2,undirected
388,lyrik_lemma_l00180028,lyrik_lemma_l00180011,1,undirected
389,lyrik_lemma_l00180028,lyrik_lemma_l00180027,2,undirected
390,lyrik_lemma_l00180028,lyrik_lemma_l00180096,1,undirected
391,lyrik_lemma_l00180028,lyrik_lemma_l00180207,3,undirected
392,lyrik_lemma_l00180029,lyrik_lemma_l00180005,1,undirected
393,lyrik_lemma_l00180029,lyrik_lemma_l00180006,2,undirected
394,lyrik_lemma_l00180029,lyrik_lemma_l00180018,2,undirected
395,lyrik_lemma_l00180029,lyrik_lemma_l00180022,2,undirected
396,lyrik_lemma_l00180029,lyrik_lemma_l00180025,1,undirected
397,lyrik_lemma_l00180029,lyrik_lemma_l00180030,2,undirected
398,lyrik_lemma_l00180029,lyrik_lemma_l00180036,1,undirected
399,lyrik_lemma_l00180029,lyrik_lemma_l00180076,1,undirected
400,lyrik_lemma_l00180029,lyrik_lemma_l00180158,1,undirected
401,lyrik_lemma_l00180029,lyrik_lemma_l00180202,2,undirected
402,lyrik_lemma_l00180029,lyrik_lemma_l00180207,6,undirected
403,lyrik_lemma_l00180030,lyrik_lemma_l00180006,1,undirected
404,lyrik_lemma_l00180030,lyrik_lemma_l00180029,2,undirected
405,lyrik_lemma_l00180030,lyrik_lemma_l00180207,3,undirected
406,lyrik_lemma_l00180031,lyrik_lemma_l00180005,2,undirected
407,lyrik_lemma_l00180031,lyrik_lemma_l00180033,3,undirected
408,lyrik_lemma_l00180031,lyrik_lemma_l00180058,1,undirected
409,lyrik_lemma_l00180031,lyrik_lemma_l00180207,3,undirected
410,lyrik_lemma_l00180032,lyrik_lemma_l00180005,1,undirected
411,lyrik_lemma_l00180032,lyrik_lemma_l00180006,3,undirected
412,lyrik_lemma_l00180032,lyrik_lemma_l00180067,2,undirected
413,lyrik_lemma_l00180033,lyrik_lemma_l00180011,1,undirected
414,lyrik_lemma_l00180033,lyrik_lemma_l00180031,3,undirected
415,lyrik_lemma_l00180033,lyrik_lemma_l00180058,3,undirected
416,lyrik_lemma_l00180033,lyrik_lemma_l00180164,3,undirected
417,lyrik_lemma_l00180033,lyrik_lemma_l00180201,3,undirected
418,lyrik_lemma_l00180034,lyrik_lemma_l00180005,1,undirected
419,lyrik_lemma_l00180034,lyrik_lemma_l00180013,3,undirected
420,lyrik_lemma_l00180034,lyrik_lemma_l00180207,2,undirected
421,lyrik_lemma_l00180035,lyrik_lemma_l00180067,1,undirected
422,lyrik_lemma_l00180035,lyrik_lemma_l00180086,3,undirected
423,lyrik_lemma_l00180035,lyrik_lemma_l00180207,2,undirected
424,lyrik_lemma_l00180036,lyrik_lemma_l00180011,2,undirected
425,lyrik_lemma_l00180036,lyrik_lemma_l00180029,1,undirected
426,lyrik_lemma_l00180036,lyrik_lemma_l00180207,3,undirected
427,lyrik_lemma_l00180037,lyrik_lemma_l00180041,1,undirected
428,lyrik_lemma_l00180037,lyrik_lemma_l00180046,2,undirected
429,lyrik_lemma_l00180037,lyrik_lemma_l00180182,1,undirected
430,lyrik_lemma_l00180037,lyrik_lemma_l00180189,3,undirected
431,lyrik_lemma_l00180038,lyrik_lemma_l00180010,3,undirected
432,lyrik_lemma_l00180038,lyrik_lemma_l00180022,1,undirected
433,lyrik_lemma_l00180038,lyrik_lemma_l00180207,2,undirected
434,lyrik_lemma_l00180039,lyrik_lemma_l00180013,1,undirected
435,lyrik_lemma_l00180039,lyrik_lemma_l00180202,2,undirected
436,lyrik_lemma_l00180039,lyrik_lemma_l00180207,3,undirected
437,lyrik_lemma_l00180040,lyrik_lemma_l00180009,2,undirected
438,lyrik_lemma_l00180040,lyrik_lemma_l00180010,1,undirected
439,lyrik_lemma_l00180040,lyrik_lemma_l00180019,3,undirected
440,lyrik_lemma_l00180041,lyrik_lemma_l00180005,2,undirected
441,lyrik_lemma_l00180041,lyrik_lemma_l00180006,3,undirected
442,lyrik_lemma_l00180041,lyrik_lemma_l00180037,1,undirected
443,lyrik_lemma_l00180041,lyrik_lemma_l00180042,1,undirected
444,lyrik_lemma_l00180041,lyrik_lemma_l00180207,1,undirected
445,lyrik_lemma_l00180042,lyrik_lemma_l00180041,1,undirected
446,lyrik_lemma_l00180042,lyrik_lemma_l00180068,2,undirected
447,lyrik_lemma_l00180042,lyrik_lemma_l00180189,3,undirected
448,lyrik_lemma_l00180043,lyrik_lemma_l00180082,1,undirected
449,lyrik_lemma_l00180043,lyrik_lemma_l00180207,3,undirected
450,lyrik_lemma_l00180043,lyrik_lemma_l00180210,2,undirected
451,lyrik_lemma_l00180044,lyrik_lemma_l00180053,3,undirected
452,lyrik_lemma_l00180044,lyrik_lemma_l00180153,1,undirected
453,lyrik_lemma_l00180044,lyrik_lemma_l00180207,2,undirected
454,lyrik_lemma_l00180045,lyrik_lemma_l00180011,1,undirected
455,lyrik_lemma_l00180045,lyrik_lemma_l00180048,2,undirected
456,lyrik_lemma_l00180045,lyrik_lemma_l00180050,5,undirected
457,lyrik_lemma_l00180045,lyrik_lemma_l00180156,2,undirected
458,lyrik_lemma_l00180045,lyrik_lemma_l00180207,3,undirected
459,lyrik_lemma_l00180046,lyrik_lemma_l00180037,2,undirected
460,lyrik_lemma_l00180046,lyrik_lemma_l00180060,3,undirected
461,lyrik_lemma_l00180046,lyrik_lemma_l00180079,3,undirected
462,lyrik_lemma_l00180046,lyrik_lemma_l00180120,1,undirected
463,lyrik_lemma_l00180046,lyrik_lemma_l00180129,1,undirected
464,lyrik_lemma_l00180046,lyrik_lemma_l00180160,2,undirected
465,lyrik_lemma_l00180046,lyrik_lemma_l00180182,3,undirected
466,lyrik_lemma_l00180046,lyrik_lemma_l00180183,1,undirected
467,lyrik_lemma_l00180046,lyrik_lemma_l00180186,1,undirected
468,lyrik_lemma_l00180046,lyrik_lemma_l00180187,5,undirected
469,lyrik_lemma_l00180046,lyrik_lemma_l00180188,1,undirected
470,lyrik_lemma_l00180046,lyrik_lemma_l00180190,1,undirected
471,lyrik_lemma_l00180047,lyrik_lemma_l00180059,2,undirected
472,lyrik_lemma_l00180047,lyrik_lemma_l00180189,3,undirected
473,lyrik_lemma_l00180047,lyrik_lemma_l00180210,1,undirected
474,lyrik_lemma_l00180048,lyrik_lemma_l00180045,2,undirected
475,lyrik_lemma_l00180048,lyrik_lemma_l00180103,1,undirected
476,lyrik_lemma_l00180048,lyrik_lemma_l00180216,3,undirected
477,lyrik_lemma_l00180049,lyrik_lemma_l00180053,3,undirected
478,lyrik_lemma_l00180049,lyrik_lemma_l00180117,3,undirected
479,lyrik_lemma_l00180049,lyrik_lemma_l00180125,1,undirected
480,lyrik_lemma_l00180049,lyrik_lemma_l00180160,2,undirected
481,lyrik_lemma_l00180049,lyrik_lemma_l00180206,1,undirected
482,lyrik_lemma_l00180050,lyrik_lemma_l00180019,2,undirected
483,lyrik_lemma_l00180050,lyrik_lemma_l00180045,5,undirected
484,lyrik_lemma_l00180050,lyrik_lemma_l00180207,1,undirected
485,lyrik_lemma_l00180051,lyrik_lemma_l00180056,1,undirected
486,lyrik_lemma_l00180051,lyrik_lemma_l00180062,2,undirected
487,lyrik_lemma_l00180051,lyrik_lemma_l00180080,1,undirected
488,lyrik_lemma_l00180051,lyrik_lemma_l00180096,2,undirected
489,lyrik_lemma_l00180051,lyrik_lemma_l00180100,2,undirected
490,lyrik_lemma_l00180051,lyrik_lemma_l00180156,1,undirected
491,lyrik_lemma_l00180051,lyrik_lemma_l00180160,3,undirected
492,lyrik_lemma_l00180051,lyrik_lemma_l00180174,1,undirected
493,lyrik_lemma_l00180051,lyrik_lemma_l00180194,2,undirected
494,lyrik_lemma_l00180051,lyrik_lemma_l00180211,1,undirected
495,lyrik_lemma_l00180052,lyrik_lemma_l00180005,1,undirected
496,lyrik_lemma_l00180052,lyrik_lemma_l00180006,2,undirected
497,lyrik_lemma_l00180052,lyrik_lemma_l00180054,1,undirected
498,lyrik_lemma_l00180052,lyrik_lemma_l00180186,2,undirected
499,lyrik_lemma_l00180052,lyrik_lemma_l00180192,2,undirected
500,lyrik_lemma_l00180052,lyrik_lemma_l00180207,3,undirected
501,lyrik_lemma_l00180052,lyrik_lemma_l00180221,2,undirected
502,lyrik_lemma_l00180053,lyrik_lemma_l00180005,3,undirected
503,lyrik_lemma_l00180053,lyrik_lemma_l00180006,2,undirected
504,lyrik_lemma_l00180053,lyrik_lemma_l00180011,1,undirected
505,lyrik_lemma_l00180053,lyrik_lemma_l00180021,1,undirected
506,lyrik_lemma_l00180053,lyrik_lemma_l00180044,3,undirected
507,lyrik_lemma_l00180053,lyrik_lemma_l00180049,3,undirected
508,lyrik_lemma_l00180053,lyrik_lemma_l00180057,2,undirected
509,lyrik_lemma_l00180053,lyrik_lemma_l00180085,1,undirected
510,lyrik_lemma_l00180053,lyrik_lemma_l00180101,2,undirected
511,lyrik_lemma_l00180053,lyrik_lemma_l00180107,2,undirected
512,lyrik_lemma_l00180053,lyrik_lemma_l00180123,1,undirected
513,lyrik_lemma_l00180053,lyrik_lemma_l00180184,1,undirected
514,lyrik_lemma_l00180053,lyrik_lemma_l00180203,1,undirected
515,lyrik_lemma_l00180053,lyrik_lemma_l00180206,2,undirected
516,lyrik_lemma_l00180054,lyrik_lemma_l00180052,1,undirected
517,lyrik_lemma_l00180054,lyrik_lemma_l00180129,3,undirected
518,lyrik_lemma_l00180054,lyrik_lemma_l00180207,2,undirected
519,lyrik_lemma_l00180055,lyrik_lemma_l00180098,2,undirected
520,lyrik_lemma_l00180055,lyrik_lemma_l00180165,1,undirected
521,lyrik_lemma_l00180055,lyrik_lemma_l00180207,3,undirected
522,lyrik_lemma_l00180056,lyrik_lemma_l00180051,1,undirected
523,lyrik_lemma_l00180056,lyrik_lemma_l00180060,1,undirected
524,lyrik_lemma_l00180056,lyrik_lemma_l00180129,2,undirected
525,lyrik_lemma_l00180056,lyrik_lemma_l00180160,3,undirected
526,lyrik_lemma_l00180056,lyrik_lemma_l00180166,2,undirected
527,lyrik_lemma_l00180057,lyrik_lemma_l00180053,2,undirected
528,lyrik_lemma_l00180057,lyrik_lemma_l00180059,1,undirected
529,lyrik_lemma_l00180057,lyrik_lemma_l00180207,3,undirected
530,lyrik_lemma_l00180058,lyrik_lemma_l00180031,1,undirected
531,lyrik_lemma_l00180058,lyrik_lemma_l00180033,3,undirected
532,lyrik_lemma_l00180058,lyrik_lemma_l00180123,4,undirected
533,lyrik_lemma_l00180059,lyrik_lemma_l00180005,1,undirected
534,lyrik_lemma_l00180059,lyrik_lemma_l00180047,2,undirected
535,lyrik_lemma_l00180059,lyrik_lemma_l00180057,1,undirected
536,lyrik_lemma_l00180059,lyrik_lemma_l00180067,3,undirected
537,lyrik_lemma_l00180059,lyrik_lemma_l00180093,1,undirected
538,lyrik_lemma_l00180059,lyrik_lemma_l00180127,1,undirected
539,lyrik_lemma_l00180059,lyrik_lemma_l00180140,1,undirected
540,lyrik_lemma_l00180059,lyrik_lemma_l00180207,2,undirected
541,lyrik_lemma_l00180059,lyrik_lemma_l00180209,2,undirected
542,lyrik_lemma_l00180059,lyrik_lemma_l00180215,2,undirected
543,lyrik_lemma_l00180060,lyrik_lemma_l00180046,3,undirected
544,lyrik_lemma_l00180060,lyrik_lemma_l00180056,1,undirected
545,lyrik_lemma_l00180060,lyrik_lemma_l00180116,2,undirected
546,lyrik_lemma_l00180061,lyrik_lemma_l00180006,3,undirected
547,lyrik_lemma_l00180061,lyrik_lemma_l00180011,1,undirected
548,lyrik_lemma_l00180061,lyrik_lemma_l00180166,1,undirected
549,lyrik_lemma_l00180061,lyrik_lemma_l00180207,2,undirected
550,lyrik_lemma_l00180062,lyrik_lemma_l00180051,2,undirected
551,lyrik_lemma_l00180062,lyrik_lemma_l00180080,1,undirected
552,lyrik_lemma_l00180062,lyrik_lemma_l00180174,3,undirected
553,lyrik_lemma_l00180062,lyrik_lemma_l00180207,3,undirected
554,lyrik_lemma_l00180063,lyrik_lemma_l00180006,2,undirected
555,lyrik_lemma_l00180063,lyrik_lemma_l00180067,1,undirected
556,lyrik_lemma_l00180063,lyrik_lemma_l00180207,3,undirected
557,lyrik_lemma_l00180064,lyrik_lemma_l00180011,1,undirected
558,lyrik_lemma_l00180064,lyrik_lemma_l00180124,2,undirected
559,lyrik_lemma_l00180064,lyrik_lemma_l00180221,3,undirected
560,lyrik_lemma_l00180065,lyrik_lemma_l00180168,2,undirected
561,lyrik_lemma_l00180065,lyrik_lemma_l00180200,3,undirected
562,lyrik_lemma_l00180065,lyrik_lemma_l00180207,1,undirected
563,lyrik_lemma_l00180066,lyrik_lemma_l00180013,3,undirected
564,lyrik_lemma_l00180066,lyrik_lemma_l00180070,2,undirected
565,lyrik_lemma_l00180066,lyrik_lemma_l00180201,1,undirected
566,lyrik_lemma_l00180067,lyrik_lemma_l00180005,2,undirected
567,lyrik_lemma_l00180067,lyrik_lemma_l00180006,6,undirected
568,lyrik_lemma_l00180067,lyrik_lemma_l00180008,2,undirected
569,lyrik_lemma_l00180067,lyrik_lemma_l00180010,2,undirected
570,lyrik_lemma_l00180067,lyrik_lemma_l00180019,1,undirected
571,lyrik_lemma_l00180067,lyrik_lemma_l00180032,2,undirected
572,lyrik_lemma_l00180067,lyrik_lemma_l00180035,1,undirected
573,lyrik_lemma_l00180067,lyrik_lemma_l00180059,3,undirected
574,lyrik_lemma_l00180067,lyrik_lemma_l00180063,1,undirected
575,lyrik_lemma_l00180067,lyrik_lemma_l00180068,5,undirected
576,lyrik_lemma_l00180067,lyrik_lemma_l00180076,2,undirected
577,lyrik_lemma_l00180067,lyrik_lemma_l00180087,2,undirected
578,lyrik_lemma_l00180067,lyrik_lemma_l00180091,3,undirected
579,lyrik_lemma_l00180067,lyrik_lemma_l00180094,1,undirected
580,lyrik_lemma_l00180067,lyrik_lemma_l00180117,1,undirected
581,lyrik_lemma_l00180067,lyrik_lemma_l00180121,3,undirected
582,lyrik_lemma_l00180067,lyrik_lemma_l00180124,4,undirected
583,lyrik_lemma_l00180067,lyrik_lemma_l00180143,1,undirected
584,lyrik_lemma_l00180067,lyrik_lemma_l00180147,3,undirected
585,lyrik_lemma_l00180067,lyrik_lemma_l00180153,2,undirected
586,lyrik_lemma_l00180067,lyrik_lemma_l00180159,3,undirected
587,lyrik_lemma_l00180067,lyrik_lemma_l00180163,3,undirected
588,lyrik_lemma_l00180067,lyrik_lemma_l00180172,1,undirected
589,lyrik_lemma_l00180067,lyrik_lemma_l00180195,1,undirected
590,lyrik_lemma_l00180067,lyrik_lemma_l00180198,2,undirected
591,lyrik_lemma_l00180067,lyrik_lemma_l00180216,3,undirected
592,lyrik_lemma_l00180068,lyrik_lemma_l00180006,1,undirected
593,lyrik_lemma_l00180068,lyrik_lemma_l00180042,2,undirected
594,lyrik_lemma_l00180068,lyrik_lemma_l00180067,5,undirected
595,lyrik_lemma_l00180068,lyrik_lemma_l00180124,1,undirected
596,lyrik_lemma_l00180068,lyrik_lemma_l00180153,1,undirected
597,lyrik_lemma_l00180068,lyrik_lemma_l00180162,2,undirected
598,lyrik_lemma_l00180068,lyrik_lemma_l00180213,5,undirected
599,lyrik_lemma_l00180069,lyrik_lemma_l00180209,3,undirected
600,lyrik_lemma_l00180069,lyrik_lemma_l00180225,2,undirected
601,lyrik_lemma_l00180069,lyrik_lemma_l00180226,1,undirected
602,lyrik_lemma_l00180070,lyrik_lemma_l00180013,3,undirected
603,lyrik_lemma_l00180070,lyrik_lemma_l00180066,2,undirected
604,lyrik_lemma_l00180070,lyrik_lemma_l00180132,2,undirected
605,lyrik_lemma_l00180070,lyrik_lemma_l00180172,1,undirected
606,lyrik_lemma_l00180070,lyrik_lemma_l00180194,1,undirected
607,lyrik_lemma_l00180070,lyrik_lemma_l00180206,2,undirected
608,lyrik_lemma_l00180071,lyrik_lemma_l00180006,1,undirected
609,lyrik_lemma_l00180071,lyrik_lemma_l00180027,3,undirected
610,lyrik_lemma_l00180071,lyrik_lemma_l00180204,2,undirected
611,lyrik_lemma_l00180072,lyrik_lemma_l00180006,3,undirected
612,lyrik_lemma_l00180072,lyrik_lemma_l00180196,1,undirected
613,lyrik_lemma_l00180072,lyrik_lemma_l00180204,2,undirected
614,lyrik_lemma_l00180073,lyrik_lemma_l00180013,1,undirected
615,lyrik_lemma_l00180073,lyrik_lemma_l00180019,2,undirected
616,lyrik_lemma_l00180073,lyrik_lemma_l00180207,3,undirected
617,lyrik_lemma_l00180074,lyrik_lemma_l00180013,1,undirected
618,lyrik_lemma_l00180074,lyrik_lemma_l00180019,3,undirected
619,lyrik_lemma_l00180074,lyrik_lemma_l00180204,2,undirected
620,lyrik_lemma_l00180075,lyrik_lemma_l00180013,3,undirected
621,lyrik_lemma_l00180075,lyrik_lemma_l00180121,2,undirected
622,lyrik_lemma_l00180075,lyrik_lemma_l00180149,1,undirected
623,lyrik_lemma_l00180076,lyrik_lemma_l00180006,3,undirected
624,lyrik_lemma_l00180076,lyrik_lemma_l00180029,1,undirected
625,lyrik_lemma_l00180076,lyrik_lemma_l00180067,2,undirected
626,lyrik_lemma_l00180077,lyrik_lemma_l00180189,3,undirected
627,lyrik_lemma_l00180077,lyrik_lemma_l00180197,1,undirected
628,lyrik_lemma_l00180077,lyrik_lemma_l00180207,2,undirected
629,lyrik_lemma_l00180078,lyrik_lemma_l00180006,3,undirected
630,lyrik_lemma_l00180078,lyrik_lemma_l00180186,2,undirected
631,lyrik_lemma_l00180078,lyrik_lemma_l00180189,1,undirected
632,lyrik_lemma_l00180079,lyrik_lemma_l00180046,3,undirected
633,lyrik_lemma_l00180079,lyrik_lemma_l00180080,2,undirected
634,lyrik_lemma_l00180079,lyrik_lemma_l00180129,1,undirected
635,lyrik_lemma_l00180080,lyrik_lemma_l00180027,2,undirected
636,lyrik_lemma_l00180080,lyrik_lemma_l00180051,1,undirected
637,lyrik_lemma_l00180080,lyrik_lemma_l00180062,1,undirected
638,lyrik_lemma_l00180080,lyrik_lemma_l00180079,2,undirected
639,lyrik_lemma_l00180080,lyrik_lemma_l00180092,1,undirected
640,lyrik_lemma_l00180080,lyrik_lemma_l00180093,2,undirected
641,lyrik_lemma_l00180080,lyrik_lemma_l00180100,2,undirected
642,lyrik_lemma_l00180080,lyrik_lemma_l00180134,3,undirected
643,lyrik_lemma_l00180080,lyrik_lemma_l00180170,4,undirected
644,lyrik_lemma_l00180080,lyrik_lemma_l00180185,2,undirected
645,lyrik_lemma_l00180080,lyrik_lemma_l00180207,3,undirected
646,lyrik_lemma_l00180080,lyrik_lemma_l00180225,3,undirected
647,lyrik_lemma_l00180081,lyrik_lemma_l00180019,3,undirected
648,lyrik_lemma_l00180081,lyrik_lemma_l00180160,2,undirected
649,lyrik_lemma_l00180081,lyrik_lemma_l00180222,1,undirected
650,lyrik_lemma_l00180082,lyrik_lemma_l00180043,1,undirected
651,lyrik_lemma_l00180082,lyrik_lemma_l00180172,3,undirected
652,lyrik_lemma_l00180082,lyrik_lemma_l00180207,1,undirected
653,lyrik_lemma_l00180082,lyrik_lemma_l00180210,2,undirected
654,lyrik_lemma_l00180083,lyrik_lemma_l00180006,2,undirected
655,lyrik_lemma_l00180083,lyrik_lemma_l00180009,1,undirected
656,lyrik_lemma_l00180083,lyrik_lemma_l00180019,3,undirected
657,lyrik_lemma_l00180084,lyrik_lemma_l00180013,1,undirected
658,lyrik_lemma_l00180084,lyrik_lemma_l00180019,3,undirected
659,lyrik_lemma_l00180084,lyrik_lemma_l00180201,2,undirected
660,lyrik_lemma_l00180085,lyrik_lemma_l00180006,2,undirected
661,lyrik_lemma_l00180085,lyrik_lemma_l00180053,1,undirected
662,lyrik_lemma_l00180085,lyrik_lemma_l00180207,3,undirected
663,lyrik_lemma_l00180086,lyrik_lemma_l00180006,1,undirected
664,lyrik_lemma_l00180086,lyrik_lemma_l00180011,5,undirected
665,lyrik_lemma_l00180086,lyrik_lemma_l00180024,1,undirected
666,lyrik_lemma_l00180086,lyrik_lemma_l00180035,3,undirected
667,lyrik_lemma_l00180086,lyrik_lemma_l00180155,3,undirected
668,lyrik_lemma_l00180086,lyrik_lemma_l00180207,2,undirected
669,lyrik_lemma_l00180087,lyrik_lemma_l00180006,3,undirected
670,lyrik_lemma_l00180087,lyrik_lemma_l00180067,2,undirected
671,lyrik_lemma_l00180087,lyrik_lemma_l00180137,1,undirected
672,lyrik_lemma_l00180087,lyrik_lemma_l00180207,1,undirected
673,lyrik_lemma_l00180088,lyrik_lemma_l00180013,1,undirected
674,lyrik_lemma_l00180088,lyrik_lemma_l00180201,2,undirected
675,lyrik_lemma_l00180088,lyrik_lemma_l00180207,3,undirected
676,lyrik_lemma_l00180089,lyrik_lemma_l00180010,3,undirected
677,lyrik_lemma_l00180089,lyrik_lemma_l00180176,2,undirected
678,lyrik_lemma_l00180089,lyrik_lemma_l00180196,1,undirected
679,lyrik_lemma_l00180090,lyrik_lemma_l00180006,3,undirected
680,lyrik_lemma_l00180090,lyrik_lemma_l00180099,2,undirected
681,lyrik_lemma_l00180090,lyrik_lemma_l00180149,1,undirected
682,lyrik_lemma_l00180090,lyrik_lemma_l00180167,3,undirected
683,lyrik_lemma_l00180091,lyrik_lemma_l00180006,2,undirected
684,lyrik_lemma_l00180091,lyrik_lemma_l00180013,1,undirected
685,lyrik_lemma_l00180091,lyrik_lemma_l00180067,3,undirected
686,lyrik_lemma_l00180092,lyrik_lemma_l00180080,1,undirected
687,lyrik_lemma_l00180092,lyrik_lemma_l00180095,2,undirected
688,lyrik_lemma_l00180092,lyrik_lemma_l00180200,3,undirected
689,lyrik_lemma_l00180093,lyrik_lemma_l00180059,1,undirected
690,lyrik_lemma_l00180093,lyrik_lemma_l00180080,2,undirected
691,lyrik_lemma_l00180093,lyrik_lemma_l00180097,3,undirected
692,lyrik_lemma_l00180093,lyrik_lemma_l00180187,3,undirected
693,lyrik_lemma_l00180094,lyrik_lemma_l00180067,1,undirected
694,lyrik_lemma_l00180094,lyrik_lemma_l00180095,3,undirected
695,lyrik_lemma_l00180094,lyrik_lemma_l00180206,2,undirected
696,lyrik_lemma_l00180095,lyrik_lemma_l00180013,2,undirected
697,lyrik_lemma_l00180095,lyrik_lemma_l00180092,2,undirected
698,lyrik_lemma_l00180095,lyrik_lemma_l00180094,3,undirected
699,lyrik_lemma_l00180095,lyrik_lemma_l00180125,2,undirected
700,lyrik_lemma_l00180095,lyrik_lemma_l00180136,3,undirected
701,lyrik_lemma_l00180095,lyrik_lemma_l00180160,1,undirected
702,lyrik_lemma_l00180095,lyrik_lemma_l00180200,3,undirected
703,lyrik_lemma_l00180095,lyrik_lemma_l00180209,1,undirected
704,lyrik_lemma_l00180096,lyrik_lemma_l00180028,1,undirected
705,lyrik_lemma_l00180096,lyrik_lemma_l00180051,2,undirected
706,lyrik_lemma_l00180096,lyrik_lemma_l00180207,3,undirected
707,lyrik_lemma_l00180097,lyrik_lemma_l00180013,2,undirected
708,lyrik_lemma_l00180097,lyrik_lemma_l00180093,3,undirected
709,lyrik_lemma_l00180097,lyrik_lemma_l00180200,1,undirected
710,lyrik_lemma_l00180098,lyrik_lemma_l00180013,3,undirected
711,lyrik_lemma_l00180098,lyrik_lemma_l00180055,2,undirected
712,lyrik_lemma_l00180098,lyrik_lemma_l00180123,1,undirected
713,lyrik_lemma_l00180098,lyrik_lemma_l00180207,2,undirected
714,lyrik_lemma_l00180099,lyrik_lemma_l00180006,3,undirected
715,lyrik_lemma_l00180099,lyrik_lemma_l00180019,2,undirected
716,lyrik_lemma_l00180099,lyrik_lemma_l00180090,2,undirected
717,lyrik_lemma_l00180099,lyrik_lemma_l00180107,1,undirected
718,lyrik_lemma_l00180099,lyrik_lemma_l00180167,2,undirected
719,lyrik_lemma_l00180099,lyrik_lemma_l00180207,1,undirected
720,lyrik_lemma_l00180100,lyrik_lemma_l00180051,2,undirected
721,lyrik_lemma_l00180100,lyrik_lemma_l00180080,2,undirected
722,lyrik_lemma_l00180100,lyrik_lemma_l00180129,1,undirected
723,lyrik_lemma_l00180100,lyrik_lemma_l00180141,1,undirected
724,lyrik_lemma_l00180100,lyrik_lemma_l00180160,5,undirected
725,lyrik_lemma_l00180100,lyrik_lemma_l00180166,3,undirected
726,lyrik_lemma_l00180100,lyrik_lemma_l00180187,1,undirected
727,lyrik_lemma_l00180100,lyrik_lemma_l00180225,1,undirected
728,lyrik_lemma_l00180100,lyrik_lemma_l00180228,3,undirected
729,lyrik_lemma_l00180101,lyrik_lemma_l00180027,1,undirected
730,lyrik_lemma_l00180101,lyrik_lemma_l00180053,2,undirected
731,lyrik_lemma_l00180101,lyrik_lemma_l00180189,4,undirected
732,lyrik_lemma_l00180101,lyrik_lemma_l00180203,2,undirected
733,lyrik_lemma_l00180102,lyrik_lemma_l00180006,1,undirected
734,lyrik_lemma_l00180102,lyrik_lemma_l00180200,2,undirected
735,lyrik_lemma_l00180102,lyrik_lemma_l00180207,3,undirected
736,lyrik_lemma_l00180103,lyrik_lemma_l00180048,1,undirected
737,lyrik_lemma_l00180103,lyrik_lemma_l00180134,2,undirected
738,lyrik_lemma_l00180103,lyrik_lemma_l00180160,1,undirected
739,lyrik_lemma_l00180103,lyrik_lemma_l00180189,3,undirected
740,lyrik_lemma_l00180104,lyrik_lemma_l00180019,2,undirected
741,lyrik_lemma_l00180104,lyrik_lemma_l00180201,3,undirected
742,lyrik_lemma_l00180104,lyrik_lemma_l00180207,1,undirected
743,lyrik_lemma_l00180105,lyrik_lemma_l00180106,6,undirected
744,lyrik_lemma_l00180105,lyrik_lemma_l00180129,1,undirected
745,lyrik_lemma_l00180105,lyrik_lemma_l00180134,2,undirected
746,lyrik_lemma_l00180105,lyrik_lemma_l00180190,2,undirected
747,lyrik_lemma_l00180106,lyrik_lemma_l00180013,1,undirected
748,lyrik_lemma_l00180106,lyrik_lemma_l00180105,6,undirected
749,lyrik_lemma_l00180106,lyrik_lemma_l00180200,2,undirected
750,lyrik_lemma_l00180107,lyrik_lemma_l00180053,2,undirected
751,lyrik_lemma_l00180107,lyrik_lemma_l00180099,1,undirected
752,lyrik_lemma_l00180107,lyrik_lemma_l00180125,3,undirected
753,lyrik_lemma_l00180108,lyrik_lemma_l00180197,1,undirected
754,lyrik_lemma_l00180108,lyrik_lemma_l00180200,3,undirected
755,lyrik_lemma_l00180108,lyrik_lemma_l00180207,2,undirected
756,lyrik_lemma_l00180109,lyrik_lemma_l00180006,3,undirected
757,lyrik_lemma_l00180109,lyrik_lemma_l00180204,1,undirected
758,lyrik_lemma_l00180109,lyrik_lemma_l00180207,2,undirected
759,lyrik_lemma_l00180110,lyrik_lemma_l00180008,2,undirected
760,lyrik_lemma_l00180110,lyrik_lemma_l00180013,3,undirected
761,lyrik_lemma_l00180110,lyrik_lemma_l00180207,1,undirected
762,lyrik_lemma_l00180111,lyrik_lemma_l00180124,3,undirected
763,lyrik_lemma_l00180111,lyrik_lemma_l00180142,1,undirected
764,lyrik_lemma_l00180111,lyrik_lemma_l00180197,2,undirected
765,lyrik_lemma_l00180112,lyrik_lemma_l00180113,3,undirected
766,lyrik_lemma_l00180112,lyrik_lemma_l00180170,2,undirected
767,lyrik_lemma_l00180112,lyrik_lemma_l00180227,1,undirected
768,lyrik_lemma_l00180113,lyrik_lemma_l00180112,3,undirected
769,lyrik_lemma_l00180113,lyrik_lemma_l00180114,3,undirected
770,lyrik_lemma_l00180113,lyrik_lemma_l00180115,2,undirected
771,lyrik_lemma_l00180113,lyrik_lemma_l00180116,2,undirected
772,lyrik_lemma_l00180113,lyrik_lemma_l00180119,3,undirected
773,lyrik_lemma_l00180113,lyrik_lemma_l00180120,5,undirected
774,lyrik_lemma_l00180113,lyrik_lemma_l00180129,4,undirected
775,lyrik_lemma_l00180113,lyrik_lemma_l00180160,1,undirected
776,lyrik_lemma_l00180113,lyrik_lemma_l00180225,2,undirected
777,lyrik_lemma_l00180114,lyrik_lemma_l00180113,3,undirected
778,lyrik_lemma_l00180114,lyrik_lemma_l00180129,2,undirected
779,lyrik_lemma_l00180114,lyrik_lemma_l00180220,1,undirected
780,lyrik_lemma_l00180115,lyrik_lemma_l00180113,2,undirected
781,lyrik_lemma_l00180115,lyrik_lemma_l00180160,1,undirected
782,lyrik_lemma_l00180115,lyrik_lemma_l00180189,3,undirected
783,lyrik_lemma_l00180116,epik_lemma_brentano,1,undirected
784,lyrik_lemma_l00180116,lyrik_lemma_l00180060,2,undirected
785,lyrik_lemma_l00180116,lyrik_lemma_l00180113,2,undirected
786,lyrik_lemma_l00180116,lyrik_lemma_l00180129,3,undirected
787,lyrik_lemma_l00180116,lyrik_lemma_l00180182,2,undirected
788,lyrik_lemma_l00180117,lyrik_lemma_l00180013,2,undirected
789,lyrik_lemma_l00180117,lyrik_lemma_l00180049,3,undirected
790,lyrik_lemma_l00180117,lyrik_lemma_l00180067,1,undirected
791,lyrik_lemma_l00180118,lyrik_lemma_l00180199,2,undirected
792,lyrik_lemma_l00180118,lyrik_lemma_l00180226,3,undirected
793,lyrik_lemma_l00180118,lyrik_lemma_l00180227,1,undirected
794,lyrik_lemma_l00180119,lyrik_lemma_l00180113,3,undirected
795,lyrik_lemma_l00180119,lyrik_lemma_l00180129,2,undirected
796,lyrik_lemma_l00180119,lyrik_lemma_l00180160,1,undirected
797,lyrik_lemma_l00180120,lyrik_lemma_l00180046,1,undirected
798,lyrik_lemma_l00180120,lyrik_lemma_l00180113,5,undirected
799,lyrik_lemma_l00180120,lyrik_lemma_l00180227,2,undirected
800,lyrik_lemma_l00180121,lyrik_lemma_l00180010,1,undirected
801,lyrik_lemma_l00180121,lyrik_lemma_l00180067,3,undirected
802,lyrik_lemma_l00180121,lyrik_lemma_l00180075,2,undirected
803,lyrik_lemma_l00180121,lyrik_lemma_l00180147,2,undirected
804,lyrik_lemma_l00180121,lyrik_lemma_l00180149,2,undirected
805,lyrik_lemma_l00180122,lyrik_lemma_l00180008,1,undirected
806,lyrik_lemma_l00180122,lyrik_lemma_l00180011,3,undirected
807,lyrik_lemma_l00180122,lyrik_lemma_l00180207,2,undirected
808,lyrik_lemma_l00180123,lyrik_lemma_l00180027,3,undirected
809,lyrik_lemma_l00180123,lyrik_lemma_l00180053,1,undirected
810,lyrik_lemma_l00180123,lyrik_lemma_l00180058,4,undirected
811,lyrik_lemma_l00180123,lyrik_lemma_l00180098,1,undirected
812,lyrik_lemma_l00180124,lyrik_lemma_l00180012,3,undirected
813,lyrik_lemma_l00180124,lyrik_lemma_l00180026,2,undirected
814,lyrik_lemma_l00180124,lyrik_lemma_l00180064,2,undirected
815,lyrik_lemma_l00180124,lyrik_lemma_l00180067,4,undirected
816,lyrik_lemma_l00180124,lyrik_lemma_l00180068,1,undirected
817,lyrik_lemma_l00180124,lyrik_lemma_l00180111,3,undirected
818,lyrik_lemma_l00180124,lyrik_lemma_l00180130,3,undirected
819,lyrik_lemma_l00180124,lyrik_lemma_l00180163,1,undirected
820,lyrik_lemma_l00180124,lyrik_lemma_l00180215,1,undirected
821,lyrik_lemma_l00180125,lyrik_lemma_l00180049,1,undirected
822,lyrik_lemma_l00180125,lyrik_lemma_l00180095,2,undirected
823,lyrik_lemma_l00180125,lyrik_lemma_l00180107,3,undirected
824,lyrik_lemma_l00180125,lyrik_lemma_l00180204,3,undirected
825,lyrik_lemma_l00180126,lyrik_lemma_l00180006,3,undirected
826,lyrik_lemma_l00180126,lyrik_lemma_l00180206,1,undirected
827,lyrik_lemma_l00180126,lyrik_lemma_l00180207,2,undirected
828,lyrik_lemma_l00180127,lyrik_lemma_l00180006,3,undirected
829,lyrik_lemma_l00180127,lyrik_lemma_l00180059,1,undirected
830,lyrik_lemma_l00180127,lyrik_lemma_l00180189,2,undirected
831,lyrik_lemma_l00180128,lyrik_lemma_l00180189,1,undirected
832,lyrik_lemma_l00180128,lyrik_lemma_l00180200,3,undirected
833,lyrik_lemma_l00180128,lyrik_lemma_l00180203,2,undirected
834,lyrik_lemma_l00180129,lyrik_lemma_l00180046,1,undirected
835,lyrik_lemma_l00180129,lyrik_lemma_l00180054,3,undirected
836,lyrik_lemma_l00180129,lyrik_lemma_l00180056,2,undirected
837,lyrik_lemma_l00180129,lyrik_lemma_l00180079,1,undirected
838,lyrik_lemma_l00180129,lyrik_lemma_l00180100,1,undirected
839,lyrik_lemma_l00180129,lyrik_lemma_l00180105,1,undirected
840,lyrik_lemma_l00180129,lyrik_lemma_l00180113,4,undirected
841,lyrik_lemma_l00180129,lyrik_lemma_l00180114,2,undirected
842,lyrik_lemma_l00180129,lyrik_lemma_l00180116,3,undirected
843,lyrik_lemma_l00180129,lyrik_lemma_l00180119,2,undirected
844,lyrik_lemma_l00180129,lyrik_lemma_l00180133,1,undirected
845,lyrik_lemma_l00180129,lyrik_lemma_l00180134,2,undirected
846,lyrik_lemma_l00180129,lyrik_lemma_l00180160,6,undirected
847,lyrik_lemma_l00180129,lyrik_lemma_l00180200,3,undirected
848,lyrik_lemma_l00180129,lyrik_lemma_l00180219,1,undirected
849,lyrik_lemma_l00180129,lyrik_lemma_l00180220,3,undirected
850,lyrik_lemma_l00180129,lyrik_lemma_l00180224,1,undirected
851,lyrik_lemma_l00180130,lyrik_lemma_l00180008,1,undirected
852,lyrik_lemma_l00180130,lyrik_lemma_l00180019,2,undirected
853,lyrik_lemma_l00180130,lyrik_lemma_l00180124,3,undirected
854,lyrik_lemma_l00180131,lyrik_lemma_l00180006,1,undirected
855,lyrik_lemma_l00180131,lyrik_lemma_l00180008,3,undirected
856,lyrik_lemma_l00180131,lyrik_lemma_l00180191,2,undirected
857,lyrik_lemma_l00180132,lyrik_lemma_l00180013,3,undirected
858,lyrik_lemma_l00180132,lyrik_lemma_l00180070,2,undirected
859,lyrik_lemma_l00180132,lyrik_lemma_l00180160,1,undirected
860,lyrik_lemma_l00180133,lyrik_lemma_l00180129,1,undirected
861,lyrik_lemma_l00180133,lyrik_lemma_l00180200,3,undirected
862,lyrik_lemma_l00180133,lyrik_lemma_l00180207,2,undirected
863,lyrik_lemma_l00180134,lyrik_lemma_l00180080,3,undirected
864,lyrik_lemma_l00180134,lyrik_lemma_l00180103,2,undirected
865,lyrik_lemma_l00180134,lyrik_lemma_l00180105,2,undirected
866,lyrik_lemma_l00180134,lyrik_lemma_l00180129,2,undirected
867,lyrik_lemma_l00180134,lyrik_lemma_l00180170,1,undirected
868,lyrik_lemma_l00180134,lyrik_lemma_l00180199,2,undirected
869,lyrik_lemma_l00180135,lyrik_lemma_l00180013,3,undirected
870,lyrik_lemma_l00180135,lyrik_lemma_l00180201,2,undirected
871,lyrik_lemma_l00180135,lyrik_lemma_l00180207,1,undirected
872,lyrik_lemma_l00180136,lyrik_lemma_l00180095,3,undirected
873,lyrik_lemma_l00180136,lyrik_lemma_l00180200,2,undirected
874,lyrik_lemma_l00180136,lyrik_lemma_l00180207,1,undirected
875,lyrik_lemma_l00180137,lyrik_lemma_l00180087,1,undirected
876,lyrik_lemma_l00180137,lyrik_lemma_l00180195,3,undirected
877,lyrik_lemma_l00180137,lyrik_lemma_l00180210,2,undirected
878,lyrik_lemma_l00180138,lyrik_lemma_l00180149,1,undirected
879,lyrik_lemma_l00180138,lyrik_lemma_l00180191,3,undirected
880,lyrik_lemma_l00180138,lyrik_lemma_l00180206,2,undirected
881,lyrik_lemma_l00180139,lyrik_lemma_l00180200,3,undirected
882,lyrik_lemma_l00180139,lyrik_lemma_l00180207,1,undirected
883,lyrik_lemma_l00180139,lyrik_lemma_l00180226,3,undirected
884,lyrik_lemma_l00180140,lyrik_lemma_l00180022,2,undirected
885,lyrik_lemma_l00180140,lyrik_lemma_l00180059,1,undirected
886,lyrik_lemma_l00180140,lyrik_lemma_l00180207,3,undirected
887,lyrik_lemma_l00180141,lyrik_lemma_l00180100,1,undirected
888,lyrik_lemma_l00180141,lyrik_lemma_l00180160,2,undirected
889,lyrik_lemma_l00180141,lyrik_lemma_l00180227,3,undirected
890,lyrik_lemma_l00180142,lyrik_lemma_l00180013,1,undirected
891,lyrik_lemma_l00180142,lyrik_lemma_l00180111,1,undirected
892,lyrik_lemma_l00180142,lyrik_lemma_l00180145,3,undirected
893,lyrik_lemma_l00180142,lyrik_lemma_l00180200,2,undirected
894,lyrik_lemma_l00180142,lyrik_lemma_l00180216,3,undirected
895,lyrik_lemma_l00180142,lyrik_lemma_l00180221,1,undirected
896,lyrik_lemma_l00180143,lyrik_lemma_l00180008,2,undirected
897,lyrik_lemma_l00180143,lyrik_lemma_l00180067,1,undirected
898,lyrik_lemma_l00180143,lyrik_lemma_l00180207,3,undirected
899,lyrik_lemma_l00180144,lyrik_lemma_l00180165,3,undirected
900,lyrik_lemma_l00180144,lyrik_lemma_l00180191,1,undirected
901,lyrik_lemma_l00180144,lyrik_lemma_l00180218,2,undirected
902,lyrik_lemma_l00180145,lyrik_lemma_l00180027,2,undirected
903,lyrik_lemma_l00180145,lyrik_lemma_l00180142,3,undirected
904,lyrik_lemma_l00180145,lyrik_lemma_l00180216,1,undirected
905,lyrik_lemma_l00180146,lyrik_lemma_l00180006,2,undirected
906,lyrik_lemma_l00180146,lyrik_lemma_l00180011,1,undirected
907,lyrik_lemma_l00180146,lyrik_lemma_l00180207,3,undirected
908,lyrik_lemma_l00180147,lyrik_lemma_l00180008,1,undirected
909,lyrik_lemma_l00180147,lyrik_lemma_l00180067,3,undirected
910,lyrik_lemma_l00180147,lyrik_lemma_l00180121,2,undirected
911,lyrik_lemma_l00180148,lyrik_lemma_l00180006,1,undirected
912,lyrik_lemma_l00180148,lyrik_lemma_l00180011,2,undirected
913,lyrik_lemma_l00180148,lyrik_lemma_l00180207,3,undirected
914,lyrik_lemma_l00180149,lyrik_lemma_l00180006,2,undirected
915,lyrik_lemma_l00180149,lyrik_lemma_l00180017,1,undirected
916,lyrik_lemma_l00180149,lyrik_lemma_l00180075,1,undirected
917,lyrik_lemma_l00180149,lyrik_lemma_l00180090,1,undirected
918,lyrik_lemma_l00180149,lyrik_lemma_l00180121,2,undirected
919,lyrik_lemma_l00180149,lyrik_lemma_l00180138,1,undirected
920,lyrik_lemma_l00180149,lyrik_lemma_l00180167,1,undirected
921,lyrik_lemma_l00180149,lyrik_lemma_l00180172,3,undirected
922,lyrik_lemma_l00180149,lyrik_lemma_l00180183,3,undirected
923,lyrik_lemma_l00180149,lyrik_lemma_l00180190,3,undirected
924,lyrik_lemma_l00180149,lyrik_lemma_l00180191,4,undirected
925,lyrik_lemma_l00180149,lyrik_lemma_l00180207,1,undirected
926,lyrik_lemma_l00180149,lyrik_lemma_l00180212,2,undirected
927,lyrik_lemma_l00180150,lyrik_lemma_l00180006,1,undirected
928,lyrik_lemma_l00180150,lyrik_lemma_l00180191,2,undirected
929,lyrik_lemma_l00180150,lyrik_lemma_l00180222,3,undirected
930,lyrik_lemma_l00180151,lyrik_lemma_l00180005,1,undirected
931,lyrik_lemma_l00180151,lyrik_lemma_l00180013,2,undirected
932,lyrik_lemma_l00180151,lyrik_lemma_l00180189,3,undirected
933,lyrik_lemma_l00180152,lyrik_lemma_l00180006,2,undirected
934,lyrik_lemma_l00180152,lyrik_lemma_l00180016,3,undirected
935,lyrik_lemma_l00180152,lyrik_lemma_l00180019,1,undirected
936,lyrik_lemma_l00180153,lyrik_lemma_l00180006,3,undirected
937,lyrik_lemma_l00180153,lyrik_lemma_l00180044,1,undirected
938,lyrik_lemma_l00180153,lyrik_lemma_l00180067,2,undirected
939,lyrik_lemma_l00180153,lyrik_lemma_l00180068,1,undirected
940,lyrik_lemma_l00180154,lyrik_lemma_l00180006,3,undirected
941,lyrik_lemma_l00180154,lyrik_lemma_l00180201,2,undirected
942,lyrik_lemma_l00180154,lyrik_lemma_l00180207,1,undirected
943,lyrik_lemma_l00180155,lyrik_lemma_l00180011,1,undirected
944,lyrik_lemma_l00180155,lyrik_lemma_l00180013,2,undirected
945,lyrik_lemma_l00180155,lyrik_lemma_l00180086,3,undirected
946,lyrik_lemma_l00180156,lyrik_lemma_l00180045,2,undirected
947,lyrik_lemma_l00180156,lyrik_lemma_l00180051,1,undirected
948,lyrik_lemma_l00180156,lyrik_lemma_l00180160,3,undirected
949,lyrik_lemma_l00180156,lyrik_lemma_l00180161,1,undirected
950,lyrik_lemma_l00180157,lyrik_lemma_l00180006,1,undirected
951,lyrik_lemma_l00180157,lyrik_lemma_l00180164,2,undirected
952,lyrik_lemma_l00180157,lyrik_lemma_l00180177,1,undirected
953,lyrik_lemma_l00180157,lyrik_lemma_l00180201,3,undirected
954,lyrik_lemma_l00180157,lyrik_lemma_l00180207,2,undirected
955,lyrik_lemma_l00180158,lyrik_lemma_l00180016,3,undirected
956,lyrik_lemma_l00180158,lyrik_lemma_l00180029,1,undirected
957,lyrik_lemma_l00180158,lyrik_lemma_l00180172,2,undirected
958,lyrik_lemma_l00180159,lyrik_lemma_l00180013,1,undirected
959,lyrik_lemma_l00180159,lyrik_lemma_l00180067,3,undirected
960,lyrik_lemma_l00180159,lyrik_lemma_l00180195,2,undirected
961,lyrik_lemma_l00180160,lyrik_lemma_l00180046,2,undirected
962,lyrik_lemma_l00180160,lyrik_lemma_l00180049,2,undirected
963,lyrik_lemma_l00180160,lyrik_lemma_l00180051,3,undirected
964,lyrik_lemma_l00180160,lyrik_lemma_l00180056,3,undirected
965,lyrik_lemma_l00180160,lyrik_lemma_l00180081,2,undirected
966,lyrik_lemma_l00180160,lyrik_lemma_l00180095,1,undirected
967,lyrik_lemma_l00180160,lyrik_lemma_l00180100,5,undirected
968,lyrik_lemma_l00180160,lyrik_lemma_l00180103,1,undirected
969,lyrik_lemma_l00180160,lyrik_lemma_l00180113,1,undirected
970,lyrik_lemma_l00180160,lyrik_lemma_l00180115,1,undirected
971,lyrik_lemma_l00180160,lyrik_lemma_l00180119,1,undirected
972,lyrik_lemma_l00180160,lyrik_lemma_l00180129,6,undirected
973,lyrik_lemma_l00180160,lyrik_lemma_l00180132,1,undirected
974,lyrik_lemma_l00180160,lyrik_lemma_l00180141,2,undirected
975,lyrik_lemma_l00180160,lyrik_lemma_l00180156,3,undirected
976,lyrik_lemma_l00180160,lyrik_lemma_l00180161,3,undirected
977,lyrik_lemma_l00180160,lyrik_lemma_l00180174,2,undirected
978,lyrik_lemma_l00180160,lyrik_lemma_l00180185,3,undirected
979,lyrik_lemma_l00180160,lyrik_lemma_l00180200,1,undirected
980,lyrik_lemma_l00180160,lyrik_lemma_l00180224,2,undirected
981,lyrik_lemma_l00180160,lyrik_lemma_l00180227,3,undirected
982,lyrik_lemma_l00180160,lyrik_lemma_l00180228,2,undirected
983,lyrik_lemma_l00180161,epik_lemma_brentano,2,undirected
984,lyrik_lemma_l00180161,lyrik_lemma_l00180156,1,undirected
985,lyrik_lemma_l00180161,lyrik_lemma_l00180160,3,undirected
986,lyrik_lemma_l00180162,lyrik_lemma_l00180009,1,undirected
987,lyrik_lemma_l00180162,lyrik_lemma_l00180019,3,undirected
988,lyrik_lemma_l00180162,lyrik_lemma_l00180068,2,undirected
989,lyrik_lemma_l00180163,lyrik_lemma_l00180006,2,undirected
990,lyrik_lemma_l00180163,lyrik_lemma_l00180067,3,undirected
991,lyrik_lemma_l00180163,lyrik_lemma_l00180124,1,undirected
992,lyrik_lemma_l00180164,lyrik_lemma_l00180008,1,undirected
993,lyrik_lemma_l00180164,lyrik_lemma_l00180033,3,undirected
994,lyrik_lemma_l00180164,lyrik_lemma_l00180157,2,undirected
995,lyrik_lemma_l00180165,lyrik_lemma_l00180006,1,undirected
996,lyrik_lemma_l00180165,lyrik_lemma_l00180055,1,undirected
997,lyrik_lemma_l00180165,lyrik_lemma_l00180144,3,undirected
998,lyrik_lemma_l00180165,lyrik_lemma_l00180201,2,undirected
999,lyrik_lemma_l00180165,lyrik_lemma_l00180207,3,undirected
1000,lyrik_lemma_l00180166,lyrik_lemma_l00180056,2,undirected
1001,lyrik_lemma_l00180166,lyrik_lemma_l00180061,1,undirected
1002,lyrik_lemma_l00180166,lyrik_lemma_l00180100,3,undirected
1003,lyrik_lemma_l00180167,lyrik_lemma_l00180090,3,undirected
1004,lyrik_lemma_l00180167,lyrik_lemma_l00180099,2,undirected
1005,lyrik_lemma_l00180167,lyrik_lemma_l00180149,1,undirected
1006,lyrik_lemma_l00180168,lyrik_lemma_l00180006,1,undirected
1007,lyrik_lemma_l00180168,lyrik_lemma_l00180065,2,undirected
1008,lyrik_lemma_l00180168,lyrik_lemma_l00180201,3,undirected
1009,lyrik_lemma_l00180168,lyrik_lemma_l00180207,2,undirected
1010,lyrik_lemma_l00180169,lyrik_lemma_l00180006,1,undirected
1011,lyrik_lemma_l00180169,lyrik_lemma_l00180008,2,undirected
1012,lyrik_lemma_l00180169,lyrik_lemma_l00180019,3,undirected
1013,lyrik_lemma_l00180170,lyrik_lemma_l00180019,1,undirected
1014,lyrik_lemma_l00180170,lyrik_lemma_l00180080,4,undirected
1015,lyrik_lemma_l00180170,lyrik_lemma_l00180112,2,undirected
1016,lyrik_lemma_l00180170,lyrik_lemma_l00180134,1,undirected
1017,lyrik_lemma_l00180170,lyrik_lemma_l00180207,2,undirected
1018,lyrik_lemma_l00180171,lyrik_lemma_l00180008,1,undirected
1019,lyrik_lemma_l00180171,lyrik_lemma_l00180010,2,undirected
1020,lyrik_lemma_l00180171,lyrik_lemma_l00180013,3,undirected
1021,lyrik_lemma_l00180172,lyrik_lemma_l00180011,2,undirected
1022,lyrik_lemma_l00180172,lyrik_lemma_l00180067,1,undirected
1023,lyrik_lemma_l00180172,lyrik_lemma_l00180070,1,undirected
1024,lyrik_lemma_l00180172,lyrik_lemma_l00180082,3,undirected
1025,lyrik_lemma_l00180172,lyrik_lemma_l00180149,3,undirected
1026,lyrik_lemma_l00180172,lyrik_lemma_l00180158,2,undirected
1027,lyrik_lemma_l00180172,lyrik_lemma_l00180176,2,undirected
1028,lyrik_lemma_l00180172,lyrik_lemma_l00180193,3,undirected
1029,lyrik_lemma_l00180173,lyrik_lemma_l00180005,2,undirected
1030,lyrik_lemma_l00180173,lyrik_lemma_l00180008,3,undirected
1031,lyrik_lemma_l00180173,lyrik_lemma_l00180201,1,undirected
1032,lyrik_lemma_l00180174,lyrik_lemma_l00180051,1,undirected
1033,lyrik_lemma_l00180174,lyrik_lemma_l00180062,3,undirected
1034,lyrik_lemma_l00180174,lyrik_lemma_l00180160,2,undirected
1035,lyrik_lemma_l00180175,lyrik_lemma_l00180022,1,undirected
1036,lyrik_lemma_l00180175,lyrik_lemma_l00180201,2,undirected
1037,lyrik_lemma_l00180175,lyrik_lemma_l00180207,3,undirected
1038,lyrik_lemma_l00180176,lyrik_lemma_l00180011,1,undirected
1039,lyrik_lemma_l00180176,lyrik_lemma_l00180089,2,undirected
1040,lyrik_lemma_l00180176,lyrik_lemma_l00180172,2,undirected
1041,lyrik_lemma_l00180176,lyrik_lemma_l00180222,3,undirected
1042,lyrik_lemma_l00180177,lyrik_lemma_l00180005,3,undirected
1043,lyrik_lemma_l00180177,lyrik_lemma_l00180009,2,undirected
1044,lyrik_lemma_l00180177,lyrik_lemma_l00180157,1,undirected
1045,lyrik_lemma_l00180177,lyrik_lemma_l00180212,3,undirected
1046,lyrik_lemma_l00180178,lyrik_lemma_l00180006,1,undirected
1047,lyrik_lemma_l00180178,lyrik_lemma_l00180195,3,undirected
1048,lyrik_lemma_l00180178,lyrik_lemma_l00180207,2,undirected
1049,lyrik_lemma_l00180179,lyrik_lemma_l00180009,1,undirected
1050,lyrik_lemma_l00180179,lyrik_lemma_l00180013,2,undirected
1051,lyrik_lemma_l00180179,lyrik_lemma_l00180189,3,undirected
1052,lyrik_lemma_l00180180,lyrik_lemma_l00180013,2,undirected
1053,lyrik_lemma_l00180180,lyrik_lemma_l00180195,3,undirected
1054,lyrik_lemma_l00180180,lyrik_lemma_l00180200,1,undirected
1055,lyrik_lemma_l00180181,lyrik_lemma_l00180007,1,undirected
1056,lyrik_lemma_l00180181,lyrik_lemma_l00180201,2,undirected
1057,lyrik_lemma_l00180181,lyrik_lemma_l00180204,3,undirected
1058,lyrik_lemma_l00180182,lyrik_lemma_l00180037,1,undirected
1059,lyrik_lemma_l00180182,lyrik_lemma_l00180046,3,undirected
1060,lyrik_lemma_l00180182,lyrik_lemma_l00180116,2,undirected
1061,lyrik_lemma_l00180183,lyrik_lemma_l00180046,1,undirected
1062,lyrik_lemma_l00180183,lyrik_lemma_l00180149,3,undirected
1063,lyrik_lemma_l00180183,lyrik_lemma_l00180189,2,undirected
1064,lyrik_lemma_l00180184,lyrik_lemma_l00180008,2,undirected
1065,lyrik_lemma_l00180184,lyrik_lemma_l00180053,1,undirected
1066,lyrik_lemma_l00180184,lyrik_lemma_l00180207,3,undirected
1067,lyrik_lemma_l00180185,lyrik_lemma_l00180080,2,undirected
1068,lyrik_lemma_l00180185,lyrik_lemma_l00180160,3,undirected
1069,lyrik_lemma_l00180185,lyrik_lemma_l00180189,1,undirected
1070,lyrik_lemma_l00180186,lyrik_lemma_l00180046,1,undirected
1071,lyrik_lemma_l00180186,lyrik_lemma_l00180052,2,undirected
1072,lyrik_lemma_l00180186,lyrik_lemma_l00180078,2,undirected
1073,lyrik_lemma_l00180186,lyrik_lemma_l00180189,6,undirected
1074,lyrik_lemma_l00180187,epik_lemma_brentano,3,undirected
1075,lyrik_lemma_l00180187,lyrik_lemma_l00180046,5,undirected
1076,lyrik_lemma_l00180187,lyrik_lemma_l00180093,3,undirected
1077,lyrik_lemma_l00180187,lyrik_lemma_l00180100,1,undirected
1078,lyrik_lemma_l00180187,lyrik_lemma_l00180188,3,undirected
1079,lyrik_lemma_l00180187,lyrik_lemma_l00180228,1,undirected
1080,lyrik_lemma_l00180188,epik_lemma_brentano,2,undirected
1081,lyrik_lemma_l00180188,lyrik_lemma_l00180046,1,undirected
1082,lyrik_lemma_l00180188,lyrik_lemma_l00180187,3,undirected
1083,lyrik_lemma_l00180189,lyrik_lemma_l00180013,2,undirected
1084,lyrik_lemma_l00180189,lyrik_lemma_l00180037,3,undirected
1085,lyrik_lemma_l00180189,lyrik_lemma_l00180042,3,undirected
1086,lyrik_lemma_l00180189,lyrik_lemma_l00180047,3,undirected
1087,lyrik_lemma_l00180189,lyrik_lemma_l00180077,3,undirected
1088,lyrik_lemma_l00180189,lyrik_lemma_l00180078,1,undirected
1089,lyrik_lemma_l00180189,lyrik_lemma_l00180101,4,undirected
1090,lyrik_lemma_l00180189,lyrik_lemma_l00180103,3,undirected
1091,lyrik_lemma_l00180189,lyrik_lemma_l00180115,3,undirected
1092,lyrik_lemma_l00180189,lyrik_lemma_l00180127,2,undirected
1093,lyrik_lemma_l00180189,lyrik_lemma_l00180128,1,undirected
1094,lyrik_lemma_l00180189,lyrik_lemma_l00180151,3,undirected
1095,lyrik_lemma_l00180189,lyrik_lemma_l00180179,3,undirected
1096,lyrik_lemma_l00180189,lyrik_lemma_l00180183,2,undirected
1097,lyrik_lemma_l00180189,lyrik_lemma_l00180185,1,undirected
1098,lyrik_lemma_l00180189,lyrik_lemma_l00180186,6,undirected
1099,lyrik_lemma_l00180189,lyrik_lemma_l00180199,3,undirected
1100,lyrik_lemma_l00180189,lyrik_lemma_l00180208,2,undirected
1101,lyrik_lemma_l00180189,lyrik_lemma_l00180227,2,undirected
1102,lyrik_lemma_l00180190,lyrik_lemma_l00180046,1,undirected
1103,lyrik_lemma_l00180190,lyrik_lemma_l00180105,2,undirected
1104,lyrik_lemma_l00180190,lyrik_lemma_l00180149,3,undirected
1105,lyrik_lemma_l00180191,lyrik_lemma_l00180005,2,undirected
1106,lyrik_lemma_l00180191,lyrik_lemma_l00180006,3,undirected
1107,lyrik_lemma_l00180191,lyrik_lemma_l00180009,3,undirected
1108,lyrik_lemma_l00180191,lyrik_lemma_l00180020,1,undirected
1109,lyrik_lemma_l00180191,lyrik_lemma_l00180131,2,undirected
1110,lyrik_lemma_l00180191,lyrik_lemma_l00180138,3,undirected
1111,lyrik_lemma_l00180191,lyrik_lemma_l00180144,1,undirected
1112,lyrik_lemma_l00180191,lyrik_lemma_l00180149,4,undirected
1113,lyrik_lemma_l00180191,lyrik_lemma_l00180150,2,undirected
1114,lyrik_lemma_l00180191,lyrik_lemma_l00180218,1,undirected
1115,lyrik_lemma_l00180192,lyrik_lemma_l00180006,1,undirected
1116,lyrik_lemma_l00180192,lyrik_lemma_l00180052,2,undirected
1117,lyrik_lemma_l00180192,lyrik_lemma_l00180216,3,undirected
1118,lyrik_lemma_l00180193,lyrik_lemma_l00180014,1,undirected
1119,lyrik_lemma_l00180193,lyrik_lemma_l00180172,3,undirected
1120,lyrik_lemma_l00180193,lyrik_lemma_l00180207,2,undirected
1121,lyrik_lemma_l00180194,lyrik_lemma_l00180051,2,undirected
1122,lyrik_lemma_l00180194,lyrik_lemma_l00180070,1,undirected
1123,lyrik_lemma_l00180194,lyrik_lemma_l00180207,3,undirected
1124,lyrik_lemma_l00180195,lyrik_lemma_l00180013,3,undirected
1125,lyrik_lemma_l00180195,lyrik_lemma_l00180067,1,undirected
1126,lyrik_lemma_l00180195,lyrik_lemma_l00180137,3,undirected
1127,lyrik_lemma_l00180195,lyrik_lemma_l00180159,2,undirected
1128,lyrik_lemma_l00180195,lyrik_lemma_l00180178,3,undirected
1129,lyrik_lemma_l00180195,lyrik_lemma_l00180180,3,undirected
1130,lyrik_lemma_l00180195,lyrik_lemma_l00180210,5,undirected
1131,lyrik_lemma_l00180196,lyrik_lemma_l00180006,3,undirected
1132,lyrik_lemma_l00180196,lyrik_lemma_l00180072,1,undirected
1133,lyrik_lemma_l00180196,lyrik_lemma_l00180089,1,undirected
1134,lyrik_lemma_l00180196,lyrik_lemma_l00180201,1,undirected
1135,lyrik_lemma_l00180196,lyrik_lemma_l00180207,2,undirected
1136,lyrik_lemma_l00180197,lyrik_lemma_l00180077,1,undirected
1137,lyrik_lemma_l00180197,lyrik_lemma_l00180108,1,undirected
1138,lyrik_lemma_l00180197,lyrik_lemma_l00180111,2,undirected
1139,lyrik_lemma_l00180197,lyrik_lemma_l00180201,1,undirected
1140,lyrik_lemma_l00180197,lyrik_lemma_l00180207,2,undirected
1141,lyrik_lemma_l00180197,lyrik_lemma_l00180216,3,undirected
1142,lyrik_lemma_l00180198,lyrik_lemma_l00180006,3,undirected
1143,lyrik_lemma_l00180198,lyrik_lemma_l00180067,2,undirected
1144,lyrik_lemma_l00180198,lyrik_lemma_l00180207,1,undirected
1145,lyrik_lemma_l00180199,lyrik_lemma_l00180118,2,undirected
1146,lyrik_lemma_l00180199,lyrik_lemma_l00180134,2,undirected
1147,lyrik_lemma_l00180199,lyrik_lemma_l00180189,3,undirected
1148,lyrik_lemma_l00180199,lyrik_lemma_l00180216,1,undirected
1149,lyrik_lemma_l00180200,lyrik_lemma_l00180013,2,undirected
1150,lyrik_lemma_l00180200,lyrik_lemma_l00180065,3,undirected
1151,lyrik_lemma_l00180200,lyrik_lemma_l00180092,3,undirected
1152,lyrik_lemma_l00180200,lyrik_lemma_l00180095,3,undirected
1153,lyrik_lemma_l00180200,lyrik_lemma_l00180097,1,undirected
1154,lyrik_lemma_l00180200,lyrik_lemma_l00180102,2,undirected
1155,lyrik_lemma_l00180200,lyrik_lemma_l00180106,2,undirected
1156,lyrik_lemma_l00180200,lyrik_lemma_l00180108,3,undirected
1157,lyrik_lemma_l00180200,lyrik_lemma_l00180128,3,undirected
1158,lyrik_lemma_l00180200,lyrik_lemma_l00180129,3,undirected
1159,lyrik_lemma_l00180200,lyrik_lemma_l00180133,3,undirected
1160,lyrik_lemma_l00180200,lyrik_lemma_l00180136,2,undirected
1161,lyrik_lemma_l00180200,lyrik_lemma_l00180139,3,undirected
1162,lyrik_lemma_l00180200,lyrik_lemma_l00180142,2,undirected
1163,lyrik_lemma_l00180200,lyrik_lemma_l00180160,1,undirected
1164,lyrik_lemma_l00180200,lyrik_lemma_l00180180,1,undirected
1165,lyrik_lemma_l00180200,lyrik_lemma_l00180207,3,undirected
1166,lyrik_lemma_l00180200,lyrik_lemma_l00180221,3,undirected
1167,lyrik_lemma_l00180200,lyrik_lemma_l00180223,3,undirected
1168,lyrik_lemma_l00180200,lyrik_lemma_l00180226,2,undirected
1169,lyrik_lemma_l00180200,lyrik_lemma_l00180227,1,undirected
1170,lyrik_lemma_l00180201,lyrik_lemma_l00180005,2,undirected
1171,lyrik_lemma_l00180201,lyrik_lemma_l00180011,3,undirected
1172,lyrik_lemma_l00180201,lyrik_lemma_l00180020,2,undirected
1173,lyrik_lemma_l00180201,lyrik_lemma_l00180023,1,undirected
1174,lyrik_lemma_l00180201,lyrik_lemma_l00180025,3,undirected
1175,lyrik_lemma_l00180201,lyrik_lemma_l00180033,3,undirected
1176,lyrik_lemma_l00180201,lyrik_lemma_l00180066,1,undirected
1177,lyrik_lemma_l00180201,lyrik_lemma_l00180084,2,undirected
1178,lyrik_lemma_l00180201,lyrik_lemma_l00180088,2,undirected
1179,lyrik_lemma_l00180201,lyrik_lemma_l00180104,3,undirected
1180,lyrik_lemma_l00180201,lyrik_lemma_l00180135,2,undirected
1181,lyrik_lemma_l00180201,lyrik_lemma_l00180154,2,undirected
1182,lyrik_lemma_l00180201,lyrik_lemma_l00180157,3,undirected
1183,lyrik_lemma_l00180201,lyrik_lemma_l00180165,2,undirected
1184,lyrik_lemma_l00180201,lyrik_lemma_l00180168,3,undirected
1185,lyrik_lemma_l00180201,lyrik_lemma_l00180173,1,undirected
1186,lyrik_lemma_l00180201,lyrik_lemma_l00180175,2,undirected
1187,lyrik_lemma_l00180201,lyrik_lemma_l00180181,2,undirected
1188,lyrik_lemma_l00180201,lyrik_lemma_l00180196,1,undirected
1189,lyrik_lemma_l00180201,lyrik_lemma_l00180197,1,undirected
1190,lyrik_lemma_l00180201,lyrik_lemma_l00180204,1,undirected
1191,lyrik_lemma_l00180201,lyrik_lemma_l00180207,3,undirected
1192,lyrik_lemma_l00180202,lyrik_lemma_l00180011,1,undirected
1193,lyrik_lemma_l00180202,lyrik_lemma_l00180029,2,undirected
1194,lyrik_lemma_l00180202,lyrik_lemma_l00180039,2,undirected
1195,lyrik_lemma_l00180202,lyrik_lemma_l00180207,3,undirected
1196,lyrik_lemma_l00180203,lyrik_lemma_l00180053,1,undirected
1197,lyrik_lemma_l00180203,lyrik_lemma_l00180101,2,undirected
1198,lyrik_lemma_l00180203,lyrik_lemma_l00180128,2,undirected
1199,lyrik_lemma_l00180203,lyrik_lemma_l00180225,3,undirected
1200,lyrik_lemma_l00180204,lyrik_lemma_l00180006,5,undirected
1201,lyrik_lemma_l00180204,lyrik_lemma_l00180016,2,undirected
1202,lyrik_lemma_l00180204,lyrik_lemma_l00180019,2,undirected
1203,lyrik_lemma_l00180204,lyrik_lemma_l00180071,2,undirected
1204,lyrik_lemma_l00180204,lyrik_lemma_l00180072,2,undirected
1205,lyrik_lemma_l00180204,lyrik_lemma_l00180074,2,undirected
1206,lyrik_lemma_l00180204,lyrik_lemma_l00180109,1,undirected
1207,lyrik_lemma_l00180204,lyrik_lemma_l00180125,3,undirected
1208,lyrik_lemma_l00180204,lyrik_lemma_l00180181,3,undirected
1209,lyrik_lemma_l00180204,lyrik_lemma_l00180201,1,undirected
1210,lyrik_lemma_l00180205,lyrik_lemma_l00180006,3,undirected
1211,lyrik_lemma_l00180205,lyrik_lemma_l00180008,1,undirected
1212,lyrik_lemma_l00180205,lyrik_lemma_l00180011,2,undirected
1213,lyrik_lemma_l00180206,lyrik_lemma_l00180005,3,undirected
1214,lyrik_lemma_l00180206,lyrik_lemma_l00180010,1,undirected
1215,lyrik_lemma_l00180206,lyrik_lemma_l00180049,1,undirected
1216,lyrik_lemma_l00180206,lyrik_lemma_l00180053,2,undirected
1217,lyrik_lemma_l00180206,lyrik_lemma_l00180070,2,undirected
1218,lyrik_lemma_l00180206,lyrik_lemma_l00180094,2,undirected
1219,lyrik_lemma_l00180206,lyrik_lemma_l00180126,1,undirected
1220,lyrik_lemma_l00180206,lyrik_lemma_l00180138,2,undirected
1221,lyrik_lemma_l00180207,lyrik_lemma_l00180004,3,undirected
1222,lyrik_lemma_l00180207,lyrik_lemma_l00180006,2,undirected
1223,lyrik_lemma_l00180207,lyrik_lemma_l00180007,2,undirected
1224,lyrik_lemma_l00180207,lyrik_lemma_l00180011,5,undirected
1225,lyrik_lemma_l00180207,lyrik_lemma_l00180013,2,undirected
1226,lyrik_lemma_l00180207,lyrik_lemma_l00180014,2,undirected
1227,lyrik_lemma_l00180207,lyrik_lemma_l00180015,3,undirected
1228,lyrik_lemma_l00180207,lyrik_lemma_l00180018,3,undirected
1229,lyrik_lemma_l00180207,lyrik_lemma_l00180021,2,undirected
1230,lyrik_lemma_l00180207,lyrik_lemma_l00180022,3,undirected
1231,lyrik_lemma_l00180207,lyrik_lemma_l00180023,3,undirected
1232,lyrik_lemma_l00180207,lyrik_lemma_l00180024,3,undirected
1233,lyrik_lemma_l00180207,lyrik_lemma_l00180027,3,undirected
1234,lyrik_lemma_l00180207,lyrik_lemma_l00180028,3,undirected
1235,lyrik_lemma_l00180207,lyrik_lemma_l00180029,6,undirected
1236,lyrik_lemma_l00180207,lyrik_lemma_l00180030,3,undirected
1237,lyrik_lemma_l00180207,lyrik_lemma_l00180031,3,undirected
1238,lyrik_lemma_l00180207,lyrik_lemma_l00180034,2,undirected
1239,lyrik_lemma_l00180207,lyrik_lemma_l00180035,2,undirected
1240,lyrik_lemma_l00180207,lyrik_lemma_l00180036,3,undirected
1241,lyrik_lemma_l00180207,lyrik_lemma_l00180038,2,undirected
1242,lyrik_lemma_l00180207,lyrik_lemma_l00180039,3,undirected
1243,lyrik_lemma_l00180207,lyrik_lemma_l00180041,1,undirected
1244,lyrik_lemma_l00180207,lyrik_lemma_l00180043,3,undirected
1245,lyrik_lemma_l00180207,lyrik_lemma_l00180044,2,undirected
1246,lyrik_lemma_l00180207,lyrik_lemma_l00180045,3,undirected
1247,lyrik_lemma_l00180207,lyrik_lemma_l00180050,1,undirected
1248,lyrik_lemma_l00180207,lyrik_lemma_l00180052,3,undirected
1249,lyrik_lemma_l00180207,lyrik_lemma_l00180054,2,undirected
1250,lyrik_lemma_l00180207,lyrik_lemma_l00180055,3,undirected
1251,lyrik_lemma_l00180207,lyrik_lemma_l00180057,3,undirected
1252,lyrik_lemma_l00180207,lyrik_lemma_l00180059,2,undirected
1253,lyrik_lemma_l00180207,lyrik_lemma_l00180061,2,undirected
1254,lyrik_lemma_l00180207,lyrik_lemma_l00180062,3,undirected
1255,lyrik_lemma_l00180207,lyrik_lemma_l00180063,3,undirected
1256,lyrik_lemma_l00180207,lyrik_lemma_l00180065,1,undirected
1257,lyrik_lemma_l00180207,lyrik_lemma_l00180073,3,undirected
1258,lyrik_lemma_l00180207,lyrik_lemma_l00180077,2,undirected
1259,lyrik_lemma_l00180207,lyrik_lemma_l00180080,3,undirected
1260,lyrik_lemma_l00180207,lyrik_lemma_l00180082,1,undirected
1261,lyrik_lemma_l00180207,lyrik_lemma_l00180085,3,undirected
1262,lyrik_lemma_l00180207,lyrik_lemma_l00180086,2,undirected
1263,lyrik_lemma_l00180207,lyrik_lemma_l00180087,1,undirected
1264,lyrik_lemma_l00180207,lyrik_lemma_l00180088,3,undirected
1265,lyrik_lemma_l00180207,lyrik_lemma_l00180096,3,undirected
1266,lyrik_lemma_l00180207,lyrik_lemma_l00180098,2,undirected
1267,lyrik_lemma_l00180207,lyrik_lemma_l00180099,1,undirected
1268,lyrik_lemma_l00180207,lyrik_lemma_l00180102,3,undirected
1269,lyrik_lemma_l00180207,lyrik_lemma_l00180104,1,undirected
1270,lyrik_lemma_l00180207,lyrik_lemma_l00180108,2,undirected
1271,lyrik_lemma_l00180207,lyrik_lemma_l00180109,2,undirected
1272,lyrik_lemma_l00180207,lyrik_lemma_l00180110,1,undirected
1273,lyrik_lemma_l00180207,lyrik_lemma_l00180122,2,undirected
1274,lyrik_lemma_l00180207,lyrik_lemma_l00180126,2,undirected
1275,lyrik_lemma_l00180207,lyrik_lemma_l00180133,2,undirected
1276,lyrik_lemma_l00180207,lyrik_lemma_l00180135,1,undirected
1277,lyrik_lemma_l00180207,lyrik_lemma_l00180136,1,undirected
1278,lyrik_lemma_l00180207,lyrik_lemma_l00180139,1,undirected
1279,lyrik_lemma_l00180207,lyrik_lemma_l00180140,3,undirected
1280,lyrik_lemma_l00180207,lyrik_lemma_l00180143,3,undirected
1281,lyrik_lemma_l00180207,lyrik_lemma_l00180146,3,undirected
1282,lyrik_lemma_l00180207,lyrik_lemma_l00180148,3,undirected
1283,lyrik_lemma_l00180207,lyrik_lemma_l00180149,1,undirected
1284,lyrik_lemma_l00180207,lyrik_lemma_l00180154,1,undirected
1285,lyrik_lemma_l00180207,lyrik_lemma_l00180157,2,undirected
1286,lyrik_lemma_l00180207,lyrik_lemma_l00180165,3,undirected
1287,lyrik_lemma_l00180207,lyrik_lemma_l00180168,2,undirected
1288,lyrik_lemma_l00180207,lyrik_lemma_l00180170,2,undirected
1289,lyrik_lemma_l00180207,lyrik_lemma_l00180175,3,undirected
1290,lyrik_lemma_l00180207,lyrik_lemma_l00180178,2,undirected
1291,lyrik_lemma_l00180207,lyrik_lemma_l00180184,3,undirected
1292,lyrik_lemma_l00180207,lyrik_lemma_l00180193,2,undirected
1293,lyrik_lemma_l00180207,lyrik_lemma_l00180194,3,undirected
1294,lyrik_lemma_l00180207,lyrik_lemma_l00180196,2,undirected
1295,lyrik_lemma_l00180207,lyrik_lemma_l00180197,2,undirected
1296,lyrik_lemma_l00180207,lyrik_lemma_l00180198,1,undirected
1297,lyrik_lemma_l00180207,lyrik_lemma_l00180200,3,undirected
1298,lyrik_lemma_l00180207,lyrik_lemma_l00180201,3,undirected
1299,lyrik_lemma_l00180207,lyrik_lemma_l00180202,3,undirected
1300,lyrik_lemma_l00180207,lyrik_lemma_l00180211,3,undirected
1301,lyrik_lemma_l00180207,lyrik_lemma_l00180215,3,undirected
1302,lyrik_lemma_l00180207,lyrik_lemma_l00180217,3,undirected
1303,lyrik_lemma_l00180207,lyrik_lemma_l00180218,2,undirected
1304,lyrik_lemma_l00180207,lyrik_lemma_l00180219,3,undirected
1305,lyrik_lemma_l00180207,lyrik_lemma_l00180222,1,undirected
1306,lyrik_lemma_l00180207,lyrik_lemma_l00180223,1,undirected
1307,lyrik_lemma_l00180207,lyrik_lemma_l00180226,3,undirected
1308,lyrik_lemma_l00180208,lyrik_lemma_l00180027,1,undirected
1309,lyrik_lemma_l00180208,lyrik_lemma_l00180189,2,undirected
1310,lyrik_lemma_l00180208,lyrik_lemma_l00180216,3,undirected
1311,lyrik_lemma_l00180209,lyrik_lemma_l00180006,3,undirected
1312,lyrik_lemma_l00180209,lyrik_lemma_l00180059,2,undirected
1313,lyrik_lemma_l00180209,lyrik_lemma_l00180069,3,undirected
1314,lyrik_lemma_l00180209,lyrik_lemma_l00180095,1,undirected
1315,lyrik_lemma_l00180210,lyrik_lemma_l00180005,1,undirected
1316,lyrik_lemma_l00180210,lyrik_lemma_l00180013,2,undirected
1317,lyrik_lemma_l00180210,lyrik_lemma_l00180014,3,undirected
1318,lyrik_lemma_l00180210,lyrik_lemma_l00180022,1,undirected
1319,lyrik_lemma_l00180210,lyrik_lemma_l00180043,2,undirected
1320,lyrik_lemma_l00180210,lyrik_lemma_l00180047,1,undirected
1321,lyrik_lemma_l00180210,lyrik_lemma_l00180082,2,undirected
1322,lyrik_lemma_l00180210,lyrik_lemma_l00180137,2,undirected
1323,lyrik_lemma_l00180210,lyrik_lemma_l00180195,5,undirected
1324,lyrik_lemma_l00180211,lyrik_lemma_l00180006,2,undirected
1325,lyrik_lemma_l00180211,lyrik_lemma_l00180051,1,undirected
1326,lyrik_lemma_l00180211,lyrik_lemma_l00180207,3,undirected
1327,lyrik_lemma_l00180212,lyrik_lemma_l00180006,1,undirected
1328,lyrik_lemma_l00180212,lyrik_lemma_l00180149,2,undirected
1329,lyrik_lemma_l00180212,lyrik_lemma_l00180177,3,undirected
1330,lyrik_lemma_l00180213,lyrik_lemma_l00180006,1,undirected
1331,lyrik_lemma_l00180213,lyrik_lemma_l00180019,2,undirected
1332,lyrik_lemma_l00180213,lyrik_lemma_l00180068,5,undirected
1333,lyrik_lemma_l00180214,lyrik_lemma_l00180013,2,undirected
1334,lyrik_lemma_l00180214,lyrik_lemma_l00180019,1,undirected
1335,lyrik_lemma_l00180214,lyrik_lemma_l00180027,3,undirected
1336,lyrik_lemma_l00180215,lyrik_lemma_l00180059,2,undirected
1337,lyrik_lemma_l00180215,lyrik_lemma_l00180124,1,undirected
1338,lyrik_lemma_l00180215,lyrik_lemma_l00180207,3,undirected
1339,lyrik_lemma_l00180216,lyrik_lemma_l00180006,1,undirected
1340,lyrik_lemma_l00180216,lyrik_lemma_l00180008,2,undirected
1341,lyrik_lemma_l00180216,lyrik_lemma_l00180016,3,undirected
1342,lyrik_lemma_l00180216,lyrik_lemma_l00180048,3,undirected
1343,lyrik_lemma_l00180216,lyrik_lemma_l00180067,3,undirected
1344,lyrik_lemma_l00180216,lyrik_lemma_l00180142,3,undirected
1345,lyrik_lemma_l00180216,lyrik_lemma_l00180145,1,undirected
1346,lyrik_lemma_l00180216,lyrik_lemma_l00180192,3,undirected
1347,lyrik_lemma_l00180216,lyrik_lemma_l00180197,3,undirected
1348,lyrik_lemma_l00180216,lyrik_lemma_l00180199,1,undirected
1349,lyrik_lemma_l00180216,lyrik_lemma_l00180208,3,undirected
1350,lyrik_lemma_l00180217,lyrik_lemma_l00180011,1,undirected
1351,lyrik_lemma_l00180217,lyrik_lemma_l00180027,2,undirected
1352,lyrik_lemma_l00180217,lyrik_lemma_l00180207,3,undirected
1353,lyrik_lemma_l00180218,lyrik_lemma_l00180006,3,undirected
1354,lyrik_lemma_l00180218,lyrik_lemma_l00180144,2,undirected
1355,lyrik_lemma_l00180218,lyrik_lemma_l00180191,1,undirected
1356,lyrik_lemma_l00180218,lyrik_lemma_l00180207,2,undirected
1357,lyrik_lemma_l00180219,lyrik_lemma_l00180006,2,undirected
1358,lyrik_lemma_l00180219,lyrik_lemma_l00180129,1,undirected
1359,lyrik_lemma_l00180219,lyrik_lemma_l00180207,3,undirected
1360,lyrik_lemma_l00180220,epik_lemma_brentano,1,undirected
1361,lyrik_lemma_l00180220,epik_lemma_goethe,2,undirected
1362,lyrik_lemma_l00180220,lyrik_lemma_l00180114,1,undirected
1363,lyrik_lemma_l00180220,lyrik_lemma_l00180129,3,undirected
1364,lyrik_lemma_l00180221,lyrik_lemma_l00180052,2,undirected
1365,lyrik_lemma_l00180221,lyrik_lemma_l00180064,3,undirected
1366,lyrik_lemma_l00180221,lyrik_lemma_l00180142,1,undirected
1367,lyrik_lemma_l00180221,lyrik_lemma_l00180200,3,undirected
1368,lyrik_lemma_l00180222,lyrik_lemma_l00180006,2,undirected
1369,lyrik_lemma_l00180222,lyrik_lemma_l00180019,3,undirected
1370,lyrik_lemma_l00180222,lyrik_lemma_l00180081,1,undirected
1371,lyrik_lemma_l00180222,lyrik_lemma_l00180150,3,undirected
1372,lyrik_lemma_l00180222,lyrik_lemma_l00180176,3,undirected
1373,lyrik_lemma_l00180222,lyrik_lemma_l00180207,1,undirected
1374,lyrik_lemma_l00180223,lyrik_lemma_l00180013,2,undirected
1375,lyrik_lemma_l00180223,lyrik_lemma_l00180200,3,undirected
1376,lyrik_lemma_l00180223,lyrik_lemma_l00180207,1,undirected
1377,lyrik_lemma_l00180224,lyrik_lemma_l00180129,1,undirected
1378,lyrik_lemma_l00180224,lyrik_lemma_l00180160,2,undirected
1379,lyrik_lemma_l00180224,lyrik_lemma_l00180227,3,undirected
1380,lyrik_lemma_l00180225,lyrik_lemma_l00180069,2,undirected
1381,lyrik_lemma_l00180225,lyrik_lemma_l00180080,3,undirected
1382,lyrik_lemma_l00180225,lyrik_lemma_l00180100,1,undirected
1383,lyrik_lemma_l00180225,lyrik_lemma_l00180113,2,undirected
1384,lyrik_lemma_l00180225,lyrik_lemma_l00180203,3,undirected
1385,lyrik_lemma_l00180226,lyrik_lemma_l00180069,1,undirected
1386,lyrik_lemma_l00180226,lyrik_lemma_l00180118,3,undirected
1387,lyrik_lemma_l00180226,lyrik_lemma_l00180139,3,undirected
1388,lyrik_lemma_l00180226,lyrik_lemma_l00180200,2,undirected
1389,lyrik_lemma_l00180226,lyrik_lemma_l00180207,3,undirected
1390,lyrik_lemma_l00180227,lyrik_lemma_l00180112,1,undirected
1391,lyrik_lemma_l00180227,lyrik_lemma_l00180118,1,undirected
1392,lyrik_lemma_l00180227,lyrik_lemma_l00180120,2,undirected
1393,lyrik_lemma_l00180227,lyrik_lemma_l00180141,3,undirected
1394,lyrik_lemma_l00180227,lyrik_lemma_l00180160,3,undirected
1395,lyrik_lemma_l00180227,lyrik_lemma_l00180189,2,undirected
1396,lyrik_lemma_l00180227,lyrik_lemma_l00180200,1,undirected
1397,lyrik_lemma_l00180227,lyrik_lemma_l00180224,3,undirected
1398,lyrik_lemma_l00180228,lyrik_lemma_l00180100,3,undirected
1399,lyrik_lemma_l00180228,lyrik_lemma_l00180160,2,undirected
1400,lyrik_lemma_l00180228,lyrik_lemma_l00180187,1,undirected
