,text,ID,Titel,Autor,Strophen,Verse,Anthologie,Jahr,Hrsg
0,"Das sind meine Todten. Laut pochen sie an,Kam die Stunde zum Träumen und Sinnen;Dann seh' ich den Vater, den zornigen Mann,Und die Mutter — längst zog sie von hinnen;Dann ziehen mir auf mit ernsthaften Brau'nDie frühe gestorb'nen Geschwister —Das sind meine Todten. Es bringt sie das Grau'n,Der Nachtwind, der Dielen Geknister.O lang ist, so lang ist, o lang ist die Schar,Und jeden weiß ich zu nennen:Ein fremder scheint d'runter; blond weht ihm das Haar,Und die Blicke verlangen und brennen.Jach schreck' ich zusammen; mit Augen hohlStarr' ich nach dem frischen Gesichte:Du trutziger Knabe, ich kenne dich wohl —Doch sage: du weilst noch im Lichte...!""Ja hälftig"" ... Zur Hälfte der FinsternisUnd den Todten bist du verbunden;Die Wunde, die dir ins Leben riss,Die hast du nimmer verwunden;Dein g'rader Fuß geht krumme Bahn,Und dein wahrhafter Mund spricht Lüge...Das sind meine Todten; ich sehe sie nah'n,So stumm und voll heimlicher Rüge....",l0080013,Das sind meine Todten....,"David, Jakob Julius [David, J. J.]",3,8,"Das lyrische Wien. Eine moderne Lese. Mit Dichtungen von Ferdinand von Saar, J. J. David, Franz Herold, Hermann Hango, Josef Kitir, Felix Dörmann, Freiherr Carl von Levetzow, Arnold Hagenauer, Paul Wilhelm, Carl Maria Klob, Hugo von Hofmannsthal. Wien/Berlin/Leipzig 1899.",b'1899',"Renner, August"
1,"Ja, ich kenne sie, die Stolzen, Harten,Die am Herrscherstuhl des Lebens thronen,Die mit tiefgezog'nen Brau'nUnd mit ungebeugtem RückenZur Arena niederblickenUnd den Kampf des Daseins schau'n.Die nicht träumen, die nur wachen,Niemals lachen,Und mit großen, grauen AugenSich ins Mark des Lebens saugen...Und ich kenne sie, die Bleichen, Schwachen,Die mit müden Schritten wankenUnd die Herdenstraße zieh'n,Die des Lebens Lasten tragen,Ohne Klagen,Um mit gläub'gem KindersinnHimmelslohn sich zu erwerben —Und am Wege sterben...Doch ich liebe sie, die Heitern, Wahren,Die mit ungebroch'nen, klarenAugen die Gestirne seh'n,Die mit ihrer Blicke SchweifenSonnen greifen — —Und befreit und unbeladenWandeln auf beglückten Pfaden,Bis sie jauchzend untergeh'n!",l0080080,Leben...,"Wilhelm, Paul",3,8,"Das lyrische Wien. Eine moderne Lese. Mit Dichtungen von Ferdinand von Saar, J. J. David, Franz Herold, Hermann Hango, Josef Kitir, Felix Dörmann, Freiherr Carl von Levetzow, Arnold Hagenauer, Paul Wilhelm, Carl Maria Klob, Hugo von Hofmannsthal. Wien/Berlin/Leipzig 1899.",b'1899',"Renner, August"
2,"In meinem Leben gab es böse Jahre —Wie jene aus der Bibel waren's sieben —Da hat mich ein Verhängnis umgetrieben,Ich wandelte — und lag doch auf der Bahre.Nicht ein Erinnern, das ich voll bewahreAus jener Zeit, wo, ohne Furcht geblieben,Mein Geist in ödem Denken sich zerrieben,Und Gram und Sorge bleichten meine Haare!Gleich schwerem Traum zerfloss ihr dunkles Walten,Und auf vernarbte Wunden kann ich zeigen,Kaum wissend mehr, von wem ich sie erhalten.Nur manchmal, einzeln und in wirrem Reigen,Auftauchen schattenhafte Mahngestalten:Männer und Frau'n, die wie aus Gräbern steigen.",l0080006,Böse Jahre,"Saar, Ferdinand",4,3,"Das lyrische Wien. Eine moderne Lese. Mit Dichtungen von Ferdinand von Saar, J. J. David, Franz Herold, Hermann Hango, Josef Kitir, Felix Dörmann, Freiherr Carl von Levetzow, Arnold Hagenauer, Paul Wilhelm, Carl Maria Klob, Hugo von Hofmannsthal. Wien/Berlin/Leipzig 1899.",b'1899',"Renner, August"
3,"Die Wege trennen sichUnd finden sich nicht wieder:Außer wo sie ins Hohe führenUnd das Ahnen sie trägt.Deshalb steigen solche ins HoheDenen das UngenannteEinen großen Einungswunsch zerrissen hat.Gütig ist das Ungenannte,Das die Menschen auseinanderreißtAuf dem Gipfel ihrer Liebe.So schenkt es ihnenDen Absturz-Jammer.Viele leiden;Aber wenige haben die Wunderkraft,Das Wunder des großen Umsatzes — ,Um darüber Propheten zu werden.",l0080067,Die Wege trennen sich,"Levetzow, Karl Michael Freiherr von [Levetzow, Carl Freiherr von]",3,4,"Das lyrische Wien. Eine moderne Lese. Mit Dichtungen von Ferdinand von Saar, J. J. David, Franz Herold, Hermann Hango, Josef Kitir, Felix Dörmann, Freiherr Carl von Levetzow, Arnold Hagenauer, Paul Wilhelm, Carl Maria Klob, Hugo von Hofmannsthal. Wien/Berlin/Leipzig 1899.",b'1899',"Renner, August"
4,"Mit unser'n Seelen, zart geschwellt,Mit Herzen, überreichen, vollen,Sind wir in eine Zeit gestellt,In die noch nicht wir taugen wollen.Wir tasten eine hohe Spur,Die wir als Pfad des Heiles wähnen,Doch bringt sie noch uns Thränen nurUnd nur ein namenloses Sehnen.Wir leben wie zu müd zum Flug,Sind wirr, als ob wir lang nicht schliefen,Wir folgen einem HöhenzugUnd fallen in des Lebens Tiefen.Wir ahnen wohl: was uns gefällt,Den Künftigen ist's voll gegeben,Indes wir angstvoll in der WeltMit einem fremden Herzen leben.Ein Hauch will uns herüberwehn,Getrennt sind wir nur schmalen Randes,Wir dürfen nur wie Moses stehnAm Grenzpfahl des gelobten Landes.Ein Morgenstrahl der Zukunft weihtDie Seelen uns, die nachtverletzten,So an der Wende einer ZeitSind wir die Ersten und die Letzten.",l0080048,Zwischen zwei Zeiten,"Kitir, Josef",6,4,"Das lyrische Wien. Eine moderne Lese. Mit Dichtungen von Ferdinand von Saar, J. J. David, Franz Herold, Hermann Hango, Josef Kitir, Felix Dörmann, Freiherr Carl von Levetzow, Arnold Hagenauer, Paul Wilhelm, Carl Maria Klob, Hugo von Hofmannsthal. Wien/Berlin/Leipzig 1899.",b'1899',"Renner, August"
5,"Wir liebten uns mit jener müden Liebe,Die weich und zart die kranken Seelen eint,Wir liebten uns mit jener müden Liebe,Der jeder Kuss schon als brutal erscheint.Die Hände kaum in leisem Druck sich fandenUnd bebten scheu vor ihrer Glut zurück;Die Hände kaum in leisem Druck sich fanden,Ein Blick, ein Wort war unser letztes Glück.Wir liebten uns mit jener müden Liebe.....",l0080055,Müde Liebe,"Dörmann, Felix",3,1,"Das lyrische Wien. Eine moderne Lese. Mit Dichtungen von Ferdinand von Saar, J. J. David, Franz Herold, Hermann Hango, Josef Kitir, Felix Dörmann, Freiherr Carl von Levetzow, Arnold Hagenauer, Paul Wilhelm, Carl Maria Klob, Hugo von Hofmannsthal. Wien/Berlin/Leipzig 1899.",b'1899',"Renner, August"
6,"Und als ich müde ward: Durch stete Noth,Durch fruchtlos Kämpfen müd' und fast verbittert,Erschienst mir du, du spätes Morgenroth,Das thauend ein vergletschert Herz umwittert;Und meiner Tage bester gieng mir auf,Da sprach ich Dinge, die ich sonst wohl hehle,Und legte meiner Sorgen wüsten Hauf,Othello gleich, auf deine Seele...Denkst du daran? Die Mittagsonne brachDurch Blattwerk fremder Palmen und Dracänen,Indes ich müd' von Winternächten sprach,Von Einsamkeit und Noth und wirrem Sehnen.Ob bei den Bildern, welche ich beschwor,Nicht fremde Schauer kalt dich überliefen?Du Sonnenkind! Dir schlug zuerst ans OhrDer Angstschrei aus des Lebens Tiefen...Gewann dich das? Ich frag' und sorge nicht,Wer weiß, wie eines sich zum andern schickte,Wer forscht, aus welchem Schacht die Quelle bricht,Die ihn in heißer Wanderzeit erquickte?Er trinkt und rastet, sieht die klare FlutIm tiefen Grund auf blanken Kiesen schäumen,Und möchte ihr zunächst und traumgemuthDes Lebens armen Rest verträumen...",l0080019,So kam's...,"David, Jakob Julius [David, J. J.]",3,8,"Das lyrische Wien. Eine moderne Lese. Mit Dichtungen von Ferdinand von Saar, J. J. David, Franz Herold, Hermann Hango, Josef Kitir, Felix Dörmann, Freiherr Carl von Levetzow, Arnold Hagenauer, Paul Wilhelm, Carl Maria Klob, Hugo von Hofmannsthal. Wien/Berlin/Leipzig 1899.",b'1899',"Renner, August"
7,"Mein Herz ist viel zu müde, um zu tobenIn Hass und Groll, weil du von mir geschiedenUnd mit dir nahmst das Bisschen Glück und Frieden,Ins trübe Dasein mühsam nur gewogen.Noch kann zu lächeln ich die Lippen zwingenUnd kann auch noch für andre warm empfinden,Und sie ermuthigen zu überwinden,Nur will's mir selber nicht mehr gut gelingen.Denn insgeheim die Ketten niederklirren,Die mich ans Dasein bisher festgebunden,Nur Tropfen sickern noch aus meinen Wunden,Und halb erlöst schon hör' ich Psyche schwirren.",l0080059,Zu Ende,"Dörmann, Felix",3,4,"Das lyrische Wien. Eine moderne Lese. Mit Dichtungen von Ferdinand von Saar, J. J. David, Franz Herold, Hermann Hango, Josef Kitir, Felix Dörmann, Freiherr Carl von Levetzow, Arnold Hagenauer, Paul Wilhelm, Carl Maria Klob, Hugo von Hofmannsthal. Wien/Berlin/Leipzig 1899.",b'1899',"Renner, August"
8,"Oft träum' ich mich recht fern der lauten WeltIn ein verstummtes, erdentrücktes Zimmer,Wo Einsamkeit die Heimatsstätte hältUnd dämmernd nur im ungewissen SchimmerGedämpftes Licht durch matte Scheiben fällt.Dort will ich über meinem Leben sinnenUnd so wie außer mir mich selber schau'n.Und sieh', des Schicksals leis verhülltes Spinnen,Schon schau' ich's halb entzückt und halb mit Grau'nUnd seh', wie Unglück, das ich nimmer ahnte,Herniederbricht auf ein verträumtes Haupt,Wie manches Glück, von dem ich sann und plante,Von frevler Hand mir ward im Keim geraubt,Doch auch ein Glück goldleuchtend niederthauenSeh' ich, kaum fassbar für ein menschlich Herz, —So lässt mich der Erinnerung Spiegel schauen,Wie treu die Lust die Wage hält dem Schmerz.Drum will getrost zur Welt ich wieder schreitenUnd wieder eingeh'n manch' gemied'ne Thür,Doch eure Weihe, hohe Einsamkeiten,Soll mich umfangen halten für und für!",l0080047,Das stille Zimmer,"Kitir, Josef",1,21,"Das lyrische Wien. Eine moderne Lese. Mit Dichtungen von Ferdinand von Saar, J. J. David, Franz Herold, Hermann Hango, Josef Kitir, Felix Dörmann, Freiherr Carl von Levetzow, Arnold Hagenauer, Paul Wilhelm, Carl Maria Klob, Hugo von Hofmannsthal. Wien/Berlin/Leipzig 1899.",b'1899',"Renner, August"
9,"Verdunkelt war dein weites SchlafgemachSo ganz wie damals, und ein schwerer HauchVon welkem Lorbeer, Veilchen und Lavendel,Erstickend, süß-betäubend, koste ganzWie damals um die wonnig müden Nerven.Mit schwanken Schritten trat ich ein bei dir.Ein schlankes Wachslicht schüttet fahlen ScheinAus bronze-geschnittnem RiesengirandolUnd spielt und huscht und tänzelt launentollUm deines breiten Lagers üppig-weißeGeraffte Schillerseide — um dich selbst,Die nackt und reglos ruht wie ein GebildeVon Künstlerhand, aus dunklem Erz getrieben.Aus deinem Aug', dem weiterschloss'nen, starrtErstickter Hass und höhnende Verzweiflung.Und aus zernagten, breitgewölbten LippenIn schwarzen Perlen rieselt langsam BlutAuf deines breiten Lagers üppig-weißeGeraffte Schillerseide................Eintönig hackt dein RosenpapageiAn seines Käfigs gelbe Messingstäbe — —Er weiß ja nicht. — — —",l0080052,Intérieur,"Dörmann, Felix",3,16,"Das lyrische Wien. Eine moderne Lese. Mit Dichtungen von Ferdinand von Saar, J. J. David, Franz Herold, Hermann Hango, Josef Kitir, Felix Dörmann, Freiherr Carl von Levetzow, Arnold Hagenauer, Paul Wilhelm, Carl Maria Klob, Hugo von Hofmannsthal. Wien/Berlin/Leipzig 1899.",b'1899',"Renner, August"
10,"Wie schön du bist, o Leben,Wie liebe ich deinen Reichthum!Denn herrlich und erhabenSind die Blüten deines Frühlings;Die Balsamdüfte deiner KraftSind Fülle und Wonne.Überschwänglich liebe ich dich,Du prachtvolle Erde,Ausfließen wollte ich,Umarmungsfreudig,In alle Wellen des weiten Äthers.Wie schön du bist, o Leben,Wie liebe ich deinen Reichthum!Auch ich bin reich wie du,Trägerin Sonne;Sei mir gegrüßt,Heißglühende Schwester!Wir Schenkende wollen tanzenVon Aufgang zu Niedergang;Hochauflachen wollen Wir,Die Überströmenden!Aber dort — die hämische Bosheit,Trotzende Tücke,Grundlos grämlichUnserer Welt-Freudigkeit:Töte sie Schwester SonneMit deinem stechendsten Wonne-FeuerTöte! Töte!! Töte!!!Hochauflachend weiter tanzen WirVon Aufgang zu Niedergang — — !Wie herrlich schön du bist,Sonniges Leben;Wie überschwänglich liebe ichDeinen goldigen Reichthum!Leben!Ewig sonniges Leben!!",l0080062,Psalm,"Levetzow, Karl Michael Freiherr von [Levetzow, Carl Freiherr von]",10,2,"Das lyrische Wien. Eine moderne Lese. Mit Dichtungen von Ferdinand von Saar, J. J. David, Franz Herold, Hermann Hango, Josef Kitir, Felix Dörmann, Freiherr Carl von Levetzow, Arnold Hagenauer, Paul Wilhelm, Carl Maria Klob, Hugo von Hofmannsthal. Wien/Berlin/Leipzig 1899.",b'1899',"Renner, August"
11,"AbgeschütteltHab' ich meiner Freunde Scharen,Einsam bin ich gewordenKöstlich einsam...Wie ferner BrandungSchütterndes Tosen verklangDer Lärm des Lebens,Einsam bin ich geworden,Köstlich einsam...Aus tödtlichem SchlummerErstand meine Seele,Und mit leiser, leiser,Ängstlich-wagender Stimme singt sieAlte, süße,Thörichte Kinderweisen!Einsam bin ich geworden,Köstlich einsam. —",l0080053,Einsam,"Dörmann, Felix",3,8,"Das lyrische Wien. Eine moderne Lese. Mit Dichtungen von Ferdinand von Saar, J. J. David, Franz Herold, Hermann Hango, Josef Kitir, Felix Dörmann, Freiherr Carl von Levetzow, Arnold Hagenauer, Paul Wilhelm, Carl Maria Klob, Hugo von Hofmannsthal. Wien/Berlin/Leipzig 1899.",b'1899',"Renner, August"
12,"Als Knabe lag ich manche StundeAn eines tiefen Brunnens Schlunde;Mein Glaube war, zu seh'nIm tiefen FlutendunkelGeläutert aufersteh'nDer Mitternacht Gefunkel.Und immer reich noch an Vertrauen,Lieb' in den Abgrund ich zu schauen,In dem das Licht vergeht,Geheimnisvoll verloren,Und wieder aufersteht,Zu neuem Sieg erkoren.Glücklos, geschaffen um zu trauern,Dem Tod geweiht und seinen Schauern,An seines Reiches Saum,Im Eishauch seines SchwebensSo träum' ich meinen Traum:Vom ew'gen Sieg des Lebens!",l0080027,Bekenntnis,"Hango, Hermann",3,6,"Das lyrische Wien. Eine moderne Lese. Mit Dichtungen von Ferdinand von Saar, J. J. David, Franz Herold, Hermann Hango, Josef Kitir, Felix Dörmann, Freiherr Carl von Levetzow, Arnold Hagenauer, Paul Wilhelm, Carl Maria Klob, Hugo von Hofmannsthal. Wien/Berlin/Leipzig 1899.",b'1899',"Renner, August"
13,"Die alte Waldfrau spinnt und sinntUnd kann es nicht begreifen,Wo heut' ihr blondes ElfenkindSo lange möge schweifen.Sie spricht zu ihrem Raben: ""Fort!Flugs hebe deine Schwingen,Durchspäh' im Walde jeden Ort,Du musst sie wiederbringen.""Der Rabe flog wohl Tag und NachtIm Walde auf und nieder,Hat schließlich nur zurückgebrachtDer Elfe Kleid und Mieder.",l0080084,"""Rautendelein""","Klob, Karl Maria [Klob, Carl M.]",3,4,"Das lyrische Wien. Eine moderne Lese. Mit Dichtungen von Ferdinand von Saar, J. J. David, Franz Herold, Hermann Hango, Josef Kitir, Felix Dörmann, Freiherr Carl von Levetzow, Arnold Hagenauer, Paul Wilhelm, Carl Maria Klob, Hugo von Hofmannsthal. Wien/Berlin/Leipzig 1899.",b'1899',"Renner, August"
14,"Wenn ich des Nachts auf meinem Lager liege,Erfasst mich oft der Selbstverzweiflung Macht.Da packt sie mich und höhnt und grinst und lacht,Schreit mir ins Ohr: Wo sind sie, deine Siege?Wo sind sie? Menschenkind! Noch in der WiegeLiegt ja dein Geist; er ist noch nicht erwacht.Nein, nur in Finsternis und trüber NachtWallst du dahin. Dein Können — es ist Lüge.O Folterqual! Wann wirst du endlich enden?Wann wird mir einmal reines Glück erblüh'n?Wann wird sich meines Lebens Schicksal wenden?Herr! Lasse die Begeist'rung in mir glüh'n!Berühr' mein Haupt mit deinen Schöpferhänden,Und Flammen lass aus meinem Geiste sprüh'n!",l0080087,Nothschrei,"Klob, Karl Maria [Klob, Carl M.]",4,3,"Das lyrische Wien. Eine moderne Lese. Mit Dichtungen von Ferdinand von Saar, J. J. David, Franz Herold, Hermann Hango, Josef Kitir, Felix Dörmann, Freiherr Carl von Levetzow, Arnold Hagenauer, Paul Wilhelm, Carl Maria Klob, Hugo von Hofmannsthal. Wien/Berlin/Leipzig 1899.",b'1899',"Renner, August"
15,"Der See von Garda liegt in Glanz und Glut,Als ob auf ihm die Sonnenfackel schwimme,Dem Gott entfallen, der im Schlafe ruht,Umschrillt, umschwirrt von der Cicaden Stimme,Im kargen Schatten dort des Ölbaumhains,Zu dem hinan ich schweren Schrittes klimme.Heiß haucht mich an der Athem des Gesteins,Wo Eidechsaugen funkeln aus den RitzenUnd tief sich bückt die Traube schon des Weins.Im Glanz des Stahls der Aloe Schwerter blitzenNach der Olive Silberzweig' emporWie Heldenwaffen nach des Ruhmes Sitzen.Doch war es nicht, als sprach hier wer: du Thor?Ja, ragend du auf silbergrauem Stamme,Du Baum der Hohheit mit dem Trauerflor,Hoch lohend still in dunkelgrüner Flamme,Cypresse, du, des ew'gen Friedens Baum,Als ob er nie von dieser Erde stamme.Den Horizont, mein Aug' erreicht ihn kaum,Schlafmüdigkeit drückt mir die Wimper leise,Ich schau' mich selbst, doch wie aus fernem Raum,Vom Jugendland herwandern meine Reise —Und alles taucht in eine Farb' und WeiseOb meiner Stirne dieses Schattens Traum.",l0080021,Cypresse,"Herold, Franz",8,3,"Das lyrische Wien. Eine moderne Lese. Mit Dichtungen von Ferdinand von Saar, J. J. David, Franz Herold, Hermann Hango, Josef Kitir, Felix Dörmann, Freiherr Carl von Levetzow, Arnold Hagenauer, Paul Wilhelm, Carl Maria Klob, Hugo von Hofmannsthal. Wien/Berlin/Leipzig 1899.",b'1899',"Renner, August"
16,"Mit deinem Namen rief am RainEin kleiner Knab' sein Schwesterlein,Als ich in tiefen Träumen standIm sonnighellen Frühlingsland.Wie hat das Kind mit einemmalMir ausgelöscht den Sonnenstrahl,Gescheucht den Frühling von der Flur,Den Schimmerduft, die Blumenspur!Gegangen bin ich trüb davon,Und wieder lag als Leidenston,Statt all der Vöglein süßem ChorDein Name nur in meinem Ohr.",l0080032,Mit deinem Namen,"Hango, Hermann",3,4,"Das lyrische Wien. Eine moderne Lese. Mit Dichtungen von Ferdinand von Saar, J. J. David, Franz Herold, Hermann Hango, Josef Kitir, Felix Dörmann, Freiherr Carl von Levetzow, Arnold Hagenauer, Paul Wilhelm, Carl Maria Klob, Hugo von Hofmannsthal. Wien/Berlin/Leipzig 1899.",b'1899',"Renner, August"
17,"Ich lasse meine Blicke schweifen,Die rings den Raum in sich begreifen,Seh' fremd in eine Welt mich ragen,Die keuchend wir — wie Atlas tragen.Mich macht so müd dies tolle Hasten,Ich will am Weg tief athmend rasten,Beobachtend am Raine stehenWenn Tausende vorübergehen.Ihr lasst mich kalt mit euren Blicken,Mit eurem Händedrücken, Nicken,Ich will nicht lieben, will nicht hassen,Will mich langsam sterben lassen.",l0080069,Atlas,"Hagenauer, Arnold",3,4,"Das lyrische Wien. Eine moderne Lese. Mit Dichtungen von Ferdinand von Saar, J. J. David, Franz Herold, Hermann Hango, Josef Kitir, Felix Dörmann, Freiherr Carl von Levetzow, Arnold Hagenauer, Paul Wilhelm, Carl Maria Klob, Hugo von Hofmannsthal. Wien/Berlin/Leipzig 1899.",b'1899',"Renner, August"
18,"Du siehst dich gerne in duft'gen Pelzcapoten,In seidenausgeschlag'nem Phaëton,Um deine Lippen zuckt ein lächelnd Spotten,Grüßt elegant vom Pferd dein Seladon.Du siehst dich gern an hellbestrahlten Schwellen,Im Schlitten auch, auf weichen Schnees Sammt,Wenn am Geschirre hell die Glöckchen schellen,Und Winterluft die Wangen hat entflammt.Ich aber säh' dich lieber arm gekleidet,In einem augensanften, reinen Weiß,Und säh' dich lieber weniger beneidetIn einem still-bescheid'nen Lebenskreis.Du solltest bei der Lampe sitzen müssen,Bis dass der graue Tag von dannen schlich,Wie wollte ich dann deine Hände küssen,Und an den Fingern jeden Nadelstich!",l0080075,Ungleiche Liebe,"Hagenauer, Arnold",4,4,"Das lyrische Wien. Eine moderne Lese. Mit Dichtungen von Ferdinand von Saar, J. J. David, Franz Herold, Hermann Hango, Josef Kitir, Felix Dörmann, Freiherr Carl von Levetzow, Arnold Hagenauer, Paul Wilhelm, Carl Maria Klob, Hugo von Hofmannsthal. Wien/Berlin/Leipzig 1899.",b'1899',"Renner, August"
19,"Das ist mir stets das liebste Straßenbild,Wenn zwei ich seh', heiß Arm in Arm gehängt,Wenn schmiegsam Körper sich an Körper drängtUnd sichtbar fast die Glut der Liebe schwillt.Mein Bangen schmilzt vor ihrem Feuerblick,Die Unrast weicht, des Zweifels Hämmern schweigt,Indes ein volles, kaum geahntes GlückWie neue Kraft in allen Pulsen steigt.Versink' vor solchem Bild, du DämmerleidDer Gegenwart, aus müden Zügen lugend, —Schon geh'n die Boten einer neuen Zeit,Die lenzgewaltig naht voll Kraft und Jugend!",l0080043,Straßenbild,"Kitir, Josef",3,4,"Das lyrische Wien. Eine moderne Lese. Mit Dichtungen von Ferdinand von Saar, J. J. David, Franz Herold, Hermann Hango, Josef Kitir, Felix Dörmann, Freiherr Carl von Levetzow, Arnold Hagenauer, Paul Wilhelm, Carl Maria Klob, Hugo von Hofmannsthal. Wien/Berlin/Leipzig 1899.",b'1899',"Renner, August"
20,"Wasser stürzt uns zu verschlingen,Rollt der Fels uns zu erschlagen,Kommen schon auf starken SchwingenVögel her uns fortzutragen!Aber unten liegt ein Land,Spiegelnd Früchte ohne EndeIn den alterslosen Seen,Marmorstirn und BrunnenrandSteigt aus blumigem Gelände,Und die leichten Winde weh'n!",l0080091,Reiselied,"Hofmannsthal, Hugo von [alt. Pseudonym Loris]",3,3,"Das lyrische Wien. Eine moderne Lese. Mit Dichtungen von Ferdinand von Saar, J. J. David, Franz Herold, Hermann Hango, Josef Kitir, Felix Dörmann, Freiherr Carl von Levetzow, Arnold Hagenauer, Paul Wilhelm, Carl Maria Klob, Hugo von Hofmannsthal. Wien/Berlin/Leipzig 1899.",b'1899',"Renner, August"
21,"Damals lag ich vor dir,Als der Riss in mein Leben kam— Dein Muthwille hat es zerrissen,Da ich es dir schenkte —Damals lag ich vor dir und flehte,Du aber —: hast gelacht.Auf den Knien lag ich. —Kniend schenken die Großen.Zum Staube gebeugtErhöhen sich die Gewaltigen.Begreife sie Stumpfsinn! —Auf den Knien lag ich, ein Gebender,Du aber —: hast gelacht.Was willst du nun wieder?Ob ich zürne?Wem sollte ich zürnen? — dir??Ob ich lache?Wes sollte ich lachen — an dir?Was willst du nun Schwachheit?Mein Leben nahm ich auf,Das du zerrissen hinwarfst;NeuzusammenBefahl es mein Machtwort;Ich zürne nicht — dir nicht!Ich lache nicht — niemals!Doch mein ist das Leben, das du zerrissen.Neuzusammen befahl ich es? — Ja!Doch es war in Stücken —:Nur Ganzes schenken — gleich mir — die Gewaltigen.Lache nicht Stumpfsinn — lache niemehr!Lerne begreifen: Die größten GebendenSchenken — auf den Knien!",l0080063,Auf den Knien,"Levetzow, Karl Michael Freiherr von [Levetzow, Carl Freiherr von]",5,6,"Das lyrische Wien. Eine moderne Lese. Mit Dichtungen von Ferdinand von Saar, J. J. David, Franz Herold, Hermann Hango, Josef Kitir, Felix Dörmann, Freiherr Carl von Levetzow, Arnold Hagenauer, Paul Wilhelm, Carl Maria Klob, Hugo von Hofmannsthal. Wien/Berlin/Leipzig 1899.",b'1899',"Renner, August"
22,"Wenn ihrer Seele das Verstummen,Und dieser Welt der Abend kam,Erhub sie gern ein singend Summen,Das neben ihr kein Ohr vernahm.""Ich hab' vergessen nicht, verwunden,Was also mich vordem bedrängt;Mich mit mir selber abgefunden,Nur sei mir Neues nicht verhängt.Mein Leben selbst will mir entgleiten,Ich seh' es schweigend und allein,Nur ist es traurig, ziellos schreitenUnd also wegemüde sein.Vertreten hab ich längst die Schuhe,Darin's zu tanzen mich verlangt,Gib mir die Ruhe, Herr, die Ruhe,Darnach allein die Müde bangt!""Keine Straße sollst du schelten,Die du jemals hast begangen,Sei sie steinig gleich und weglos —Denn du musst sie dennoch wiederEinst mit wunden Füßen wandernBis zu ihrem letzten Ziel...Keinen Brunnen sollst du schmähen,Der an deinem Pfade sprudelt,Ob er bitter gleich und salzig —Denn verhängt ist dir die Stunde,Da du also schmachtest, dass dirSelbst daraus der Trunk erwünscht...Und du sollst kein Leid verwünschen,Das dein Herr dir auferlegte,Schein' es noch so unerträglich —Denn ein Kreuz kann dir verhängt sein,Schlimmer, schwerer, denn du ahnest,Und du trägst es, wenn du musst...",l0080016,Die Einsame,"David, Jakob Julius [David, J. J.]",7,6,"Das lyrische Wien. Eine moderne Lese. Mit Dichtungen von Ferdinand von Saar, J. J. David, Franz Herold, Hermann Hango, Josef Kitir, Felix Dörmann, Freiherr Carl von Levetzow, Arnold Hagenauer, Paul Wilhelm, Carl Maria Klob, Hugo von Hofmannsthal. Wien/Berlin/Leipzig 1899.",b'1899',"Renner, August"
23,"Er losch auf einmal aus so wie ein Licht.Wir trugen alle wie von einem BlitzDen Wiederschein als Blässe im Gesicht.Er fiel: da fielen alle Puppen hin,In deren Adern er sein LebensblutGegossen hatte, lautlos starben sie,Und wo er lag, da lag ein Haufen Leichen,Wüst hingestreckt: das Knie von einem SäuferIn eines Königs Aug' gedrückt, Don PhilippMit Caliban als Alp um seinen Hals,Und jeder todt, o todt wie eine Ratte!Da wussten wir, wer uns gestorben war:Der Zauberer, der große, große Gaukler!Und aus den Häusern traten wir herausUnd fiengen an zu reden, wer er war.Wer aber war er und wer war er nicht?Er kroch von einer Larve in die andre,Sprang aus des Vaters in des Sohnes LeibUnd tauschte wie Gewänder die Gestalten.Mit Schwertern, die er kreisen ließ so schnell,Dass niemand ihre Klinge funkeln sah,Hieb er sich selbst in Stücke: Jago warVielleicht das eine, und die andre HälfteGab einen süßen Narren oder Träumer.Sein ganzer Leib war wie der ZauberschleierIn dessen Falten alle Dinge wohnen:Er holte Thiere aus sich selbst hervor:Das Schaf, den Löwen, einen dummen TeufelUnd einen schrecklichen, und den, und jenen,Und dich und mich. Sein ganzer Leib war glühendVon innerlichem Schicksal durch und durchWie Kohle glühend, und er lebte drinUnd sah auf uns, die wir in Häusern wohnen,Mit jenem undurchdringlich fremdem BlickDes Salamanders, der im Feuer wohnt.Er war ein wilder König. Um die HüftenTrug er wie bunte Muscheln aufgereihtDie Wahrheit und die Lüge von uns allen.In seinen Augen flogen unsre TräumeVorüber, wie von Scharen wilder VögelDas Spiegelbild in einem tiefen Wasser.Hier trat er her, auf eben diesen Fleck,Wo ich jetzt steh', und wie im TritonshornDer Lärm des Meeres eingefangen ist,So war in ihm die Stimme alles Lebens:Er wurde groß. Er war der ganze Wald,Er war das Land, durch das die Straßen laufen.Mit Augen wie die Kinder saßen wirUnd sah'n an ihm hinauf wie an den HängenVon einem großen Berg: in seinem MundWar eine Bucht, drin brandete das Meer.Denn in ihm war etwas, das viele ThürenAufschloss und viele Räume überflog:Gewalt des Lebens, diese war in ihm.Und über ihn bekam der Tod Gewalt!Blies aus die Augen, deren inn'rer KernBedeckt war mit geheimnisvollen Zeichen,Erwürgte in der Kehle tausend StimmenUnd tödtete den Leib, der Glied für GliedBeladen war mit ungebornem Leben.Hier stand er. Wann kommt einer, der ihm gleicht?Ein Geist, der uns das Labyrinth der BrustBevölkert mit verständlichen Gestalten,Erschließt aufs neu' zu schauerlicher Lust?Die er uns gab, wir konnten sie nicht halten,Und starren nun bei seines Namens KlangHinab den Abgrund, der sie uns verschlang.",l0080092,Verse zum Gedächtnis eines Schauspielers,"Hofmannsthal, Hugo von [alt. Pseudonym Loris]",9,7,"Das lyrische Wien. Eine moderne Lese. Mit Dichtungen von Ferdinand von Saar, J. J. David, Franz Herold, Hermann Hango, Josef Kitir, Felix Dörmann, Freiherr Carl von Levetzow, Arnold Hagenauer, Paul Wilhelm, Carl Maria Klob, Hugo von Hofmannsthal. Wien/Berlin/Leipzig 1899.",b'1899',"Renner, August"
24,"Im Irren war ich überlang gegangen,Nun senkte heimwärts sich mein müder Pfad;Ich saß allein; der Himmel war umhangen,Und schluchzend schlug die Seeflut ans Gestad.Zum Ufer sah ich starke Wogen rollen,Stahlgrün geharnischt und die Helme blank;Ich sah ihr Drängen und vernahm ihr Grollen,Indes ein Träumen meine Brust bezwang.Und da ich so, die Augen halb geschlossen,In wachem Schlummer saß und einsam sann:Ahnt' ich, wie alles, das ich kaum genossen,Wie selbst das helle Bild um mich zerrann.Das Leid verflog, das ich als mein empfunden,Die Stürme schwiegen, die in mir gewühlt;Ich rührte sacht die Narben alter Wunden,Ich hab' verwundert keinen Schmerz gefühlt...Begehrt' ich einst, das Glück der Welt zu zwingen?Und schlug mein Herz verlangend einst und heiß?Mir schien mein Sein, mein Wollen und mein RingenEin wüster Traum, dess Ende niemand weiß.Geträumt die Schläge, die zu tiefst mich trafen,Geträumt auf meinem Pfad das späte Licht...Als wäre meine Seele längst entschlafen —Woran und wie? Ich weiß es selber nicht...",l0080017,Lethe,"David, Jakob Julius [David, J. J.]",6,4,"Das lyrische Wien. Eine moderne Lese. Mit Dichtungen von Ferdinand von Saar, J. J. David, Franz Herold, Hermann Hango, Josef Kitir, Felix Dörmann, Freiherr Carl von Levetzow, Arnold Hagenauer, Paul Wilhelm, Carl Maria Klob, Hugo von Hofmannsthal. Wien/Berlin/Leipzig 1899.",b'1899',"Renner, August"
25,"Stell' dich hinter jenes Tempels Säulen,Zieh den Schleier dicht vor dein Gesicht,Hier will ich an diesen Stufen weilen,Bis der Morgen anbricht und das Licht.Wenn dann seine Strahlen niederthauenUnd die Sonne zitternd aufwärts steigt,Will ich in das Flammenräthsel schauen,Bis der Tag sich 'gen Abidos neigt.Also woll'n wir uns're Liebe tragenWie ein Todtesopfer in der Nacht,Wie ein großes heiliges EntsagenStumm der Lebensfreude dargebracht.",l0080070,Liebesopfer,"Hagenauer, Arnold",1,12,"Das lyrische Wien. Eine moderne Lese. Mit Dichtungen von Ferdinand von Saar, J. J. David, Franz Herold, Hermann Hango, Josef Kitir, Felix Dörmann, Freiherr Carl von Levetzow, Arnold Hagenauer, Paul Wilhelm, Carl Maria Klob, Hugo von Hofmannsthal. Wien/Berlin/Leipzig 1899.",b'1899',"Renner, August"
26,"Ihr Morgen, da an meines Bettes RandDas Licht aus hellen Muschelwolken flogUnd leuchtend, den ich später niemals fand,Der Felsenpfad schön in die Weite bog,Ihr Mittagstunden! großer dunkler Baum,Wo seichtes Wachen und ein seichter SchlafMich von mir selber stahl, dass an mein OhrNie der versteckten Götter Anhauch traf!Ihr Abende, wo ich geneigt vom StrandGespräche suchte, und sich Schultern, nichtAus Feuchten triefend hoben, und mein HauchVerklang im Streit der Schatten mit dem Licht:Der geht jetzt fort, der aus des Lebens HandHier keinen Schmerz empfangen und kein Glück:Und lässt auch hier, weil er nicht anders kann,Von seiner Seele einen Theil zurück.",l0080090,Vom Schiff aus,"Hofmannsthal, Hugo von [alt. Pseudonym Loris]",4,4,"Das lyrische Wien. Eine moderne Lese. Mit Dichtungen von Ferdinand von Saar, J. J. David, Franz Herold, Hermann Hango, Josef Kitir, Felix Dörmann, Freiherr Carl von Levetzow, Arnold Hagenauer, Paul Wilhelm, Carl Maria Klob, Hugo von Hofmannsthal. Wien/Berlin/Leipzig 1899.",b'1899',"Renner, August"
27,"In geheimnisvollUmzirkten ZaubergärtenBlüht jetzt die Kunst.Dort, in ewigem Sonnenlicht,Schattenlos überwipfelt,Hauchen den schweren Duft,Leuchten in durchsichtiger IrisprachtWeitkelchige Liliaceen und Tulipanen.Falter, breitflüglig,Stahlblau und flammenroth,Umschweben sie,Und auf des Rasens Smaragd,Schwer lastenden Silbergefieders,Schreiten weiße Pfauen.TraumhaftIn zarter, schimmernder Gliederhoheit,Das Haupt bekränzt mit Blumensternen,Wandelt ein Menschenpaar.Sanft an einander geschmiegt,Wandelt es auf verschlungener Pfade WindungenHöher, immer höher hinan —Bis zum porphyrnen Säulenhalbrund,Das in des Himmels Azur ragt.Rubine blitzen, Saphire und OpaleAn den goldenen KapitälenUnd an den goldenen Sockeln.Auf hundertstufiger,Weit ausgebuchteter OnyxterrasseThront eine SphinxMit marmorner Brust,Doch den geschmeidigen LöwenleibIn jeder Faser glutdurchzittert,Thront sie,Großäugig ins Unendliche blickend,Über dem Räthselabgrund der Schönheit.",l0080011,Neue Kunst,"Saar, Ferdinand",2,21,"Das lyrische Wien. Eine moderne Lese. Mit Dichtungen von Ferdinand von Saar, J. J. David, Franz Herold, Hermann Hango, Josef Kitir, Felix Dörmann, Freiherr Carl von Levetzow, Arnold Hagenauer, Paul Wilhelm, Carl Maria Klob, Hugo von Hofmannsthal. Wien/Berlin/Leipzig 1899.",b'1899',"Renner, August"
28,"Heut weht's so mild und frühlingswarm,Doch horch, die Trauerglocken klingen!Wir wandeln lässig Arm in Arm,Da will es sanft auch mich bezwingen.Mir ist, sie singen mich zur Ruh',Und bringen mir das Grabgeleit'.Halt' Rast! — Mir fallen die Augen zuVor Müdigkeit.",l0080045,Halt' Rast,"Kitir, Josef",2,4,"Das lyrische Wien. Eine moderne Lese. Mit Dichtungen von Ferdinand von Saar, J. J. David, Franz Herold, Hermann Hango, Josef Kitir, Felix Dörmann, Freiherr Carl von Levetzow, Arnold Hagenauer, Paul Wilhelm, Carl Maria Klob, Hugo von Hofmannsthal. Wien/Berlin/Leipzig 1899.",b'1899',"Renner, August"
29,"Ich wäre gern ein schlichter Mann geworden,Der starken Anmuth lebensfrohes Bild,Ich wäre gern ein schlichter Mann gewordenMit einer Seele sonnenklar und mild.An eines stillen Stromes grünen BordenHätt' ich das Leben gerne süß verträumt,An eines stillen Stromes grünen BordenDie wilde Lust, die wilde Qual versäumt. —Ich wäre gern ein schlichter Mann geworden...",l0080054,Verlorene Sehnsucht,"Dörmann, Felix",3,1,"Das lyrische Wien. Eine moderne Lese. Mit Dichtungen von Ferdinand von Saar, J. J. David, Franz Herold, Hermann Hango, Josef Kitir, Felix Dörmann, Freiherr Carl von Levetzow, Arnold Hagenauer, Paul Wilhelm, Carl Maria Klob, Hugo von Hofmannsthal. Wien/Berlin/Leipzig 1899.",b'1899',"Renner, August"
30,"Weil alle Geister groß und auserlesenAuf hohen Bahnen einsam müssen wandern,Drum sehnen mehr sie sich als alle andernNach einem schlichten, menschlich-trauten Wesen.Die aber staunen, seh'n sie sich erlesen,Von Misstrau'n halb und halb von Stolz befangen,Und wähnen: Dass der Große sie umfangen,Sei einer Laune Blendwerk nur gewesen.Scheu-zitternd ruhen sie an seinem Herzen,Ihm aber stillen sie der Größe Schmerzen,Er braucht sie mehr, als seiner sie bedürfen.Er lässt sie seine Flammenküsse schlürfenUnd hält gleich wie in liebendem ErbarmenEin Menschenkind in seinen Götterarmen.",l0080050,Leid der Größe,"Kitir, Josef",4,3,"Das lyrische Wien. Eine moderne Lese. Mit Dichtungen von Ferdinand von Saar, J. J. David, Franz Herold, Hermann Hango, Josef Kitir, Felix Dörmann, Freiherr Carl von Levetzow, Arnold Hagenauer, Paul Wilhelm, Carl Maria Klob, Hugo von Hofmannsthal. Wien/Berlin/Leipzig 1899.",b'1899',"Renner, August"
31,"Seit Ewigkeiten schonWerden ausgesprochen schon Worte der Wahrheit und Weisheit.Und seit Ewigkeiten auchWerden vernommen sie,Werden aufgeschriebenUnd überliefert der MenschheitAls heil'ges Vermächtnis.Aber immer nochHerrschen und waltenWahn und Thorheit.Immer nochErklärt ein neues GeschlechtDen Irrthum der Vorgebor'nen,Blind jedoch für den eigenenUnd taub für den Rufenden in der Wüste.Das bedenke, einsam ringender Geist,Und nicht vertröste dich,Kindisch eitel,Auf das Verständnis der später Urtheilenden.Erkenne vielmehrDes Daseins tiefe Sinnlosigkeit,Und erhabenen Gleichmuths schwebe,Lächelnd,Über Vergangenheit, Mitwelt und Nachwelt.",l0080010,Erkenntnis,"Saar, Ferdinand",3,9,"Das lyrische Wien. Eine moderne Lese. Mit Dichtungen von Ferdinand von Saar, J. J. David, Franz Herold, Hermann Hango, Josef Kitir, Felix Dörmann, Freiherr Carl von Levetzow, Arnold Hagenauer, Paul Wilhelm, Carl Maria Klob, Hugo von Hofmannsthal. Wien/Berlin/Leipzig 1899.",b'1899',"Renner, August"
32,"Nicht wie jugendliche HerzenFeuer sprühen und sich lieben,Dass die Wonnen und die SchmerzenFlattern und in Luft zerstieben;Nein, im Misstrau'n alle beide,Das der Zweifel emsig schürte —Eine Liebe war's im Leide,Welche uns zusammenführte.Und schon mondenlange ziehenWir im Zaudern hin und Bangen,Dieses Auseinanderfliehen!Dieses Aneinanderhangen!Da sich Mund schon neigt zu Munde,Muss der schöne Traum entschwinden,Bis wir in der nächsten StundeNeu ihn suchen und ihn finden.So in währender ErregungSind wir bald beengt und trüber,Bald in wogender BewegungGeht das Herz uns schäumend über;Aber diese schwer enthüllteLiebe, früh geprüft von Pein,Wird uns einst der vollerefüllteHochgewinn des Lebens sein!",l0080042,Zaudernde Liebe,"Kitir, Josef",3,8,"Das lyrische Wien. Eine moderne Lese. Mit Dichtungen von Ferdinand von Saar, J. J. David, Franz Herold, Hermann Hango, Josef Kitir, Felix Dörmann, Freiherr Carl von Levetzow, Arnold Hagenauer, Paul Wilhelm, Carl Maria Klob, Hugo von Hofmannsthal. Wien/Berlin/Leipzig 1899.",b'1899',"Renner, August"
33,"Nicht mit stummem DämmergrauKam das Leid mich zu erdrücken,Aus des Himmels heiterm BlauSah ich's flammend niederzücken!Als mein junges Glück geraubt,War's zu lichter Sommerwende,Und die Dornen um mein HauptSchlangen liebe, liebe Hände...",l0080078,Mein Leid,"Wilhelm, Paul",2,4,"Das lyrische Wien. Eine moderne Lese. Mit Dichtungen von Ferdinand von Saar, J. J. David, Franz Herold, Hermann Hango, Josef Kitir, Felix Dörmann, Freiherr Carl von Levetzow, Arnold Hagenauer, Paul Wilhelm, Carl Maria Klob, Hugo von Hofmannsthal. Wien/Berlin/Leipzig 1899.",b'1899',"Renner, August"
34,"Aus den Trümmern einer hohen SchönheitLass mich bauen einen tiefen Schmerz.Weinen lass mich aus den tiefsten SchmerzenEine Thräne, — wie nur Männer weinen.Und dann geh! — Und nimm noch ein GedenkenHeißer Liebe, freudig dir geschenkt; —Ewig mein bleibt, was du mir gelassen:Meiner Wehmuth sternenloses Dunkel.Und dann geh! — Und lass mich stumm erstarren;Du zieh fürder deine helle Bahn,Stern der Sterne! — —: frage nicht nach Leichen!Sieh', mir naht der hehrste Göttertröster,Meine selbstgebor'ne Urgewalt.Tief in mir die alte Nacht der NächteWeitet sich zur großen Weltumnachtung;Der Alleinheit schwere Trümmer-SchmerzenWachsen — wachsen: zur Unendlichkeit.Sieh'! ich selber werde Nacht und SchönheitAllumfassend unbegrenztes Weh. — —Ziehe weiter, heller Stern der Sterne.Unerkannt, wie meine große Liebe;Dunkel schweigend, wie die großen Schmerzen —Wo du wendest, wo du siegend leuchtest —:Stets umwogt dich meine große Nacht!",l0080066,Abschied,"Levetzow, Karl Michael Freiherr von [Levetzow, Carl Freiherr von]",6,5,"Das lyrische Wien. Eine moderne Lese. Mit Dichtungen von Ferdinand von Saar, J. J. David, Franz Herold, Hermann Hango, Josef Kitir, Felix Dörmann, Freiherr Carl von Levetzow, Arnold Hagenauer, Paul Wilhelm, Carl Maria Klob, Hugo von Hofmannsthal. Wien/Berlin/Leipzig 1899.",b'1899',"Renner, August"
35,"Sie trug den Becher in der Hand,Ihr Kinn und Mund glich einem Rand.So leicht und sicher war ihr Gang,Kein Tropfen aus dem Becher sprang.So leicht und fest war seine Hand:Er saß auf einem jungen Pferde,Und mit nachlässiger GebärdeErzwang er, dass es zitternd stand.Jedoch, wenn er aus ihrer HandDen leichten Becher nehmen sollte,So war es beiden allzu schwer:Denn beide bebten sie so sehr,Dass keine Hand die and're fandUnd dunkler Wein am Boden rollte.",l0080093,Die Beiden,"Hofmannsthal, Hugo von [alt. Pseudonym Loris]",3,6,"Das lyrische Wien. Eine moderne Lese. Mit Dichtungen von Ferdinand von Saar, J. J. David, Franz Herold, Hermann Hango, Josef Kitir, Felix Dörmann, Freiherr Carl von Levetzow, Arnold Hagenauer, Paul Wilhelm, Carl Maria Klob, Hugo von Hofmannsthal. Wien/Berlin/Leipzig 1899.",b'1899',"Renner, August"
36,"Gib mir, o Herr, zur Sünde MuthUnd gib mir Kraft, die Schuld zu tragen.Ich will nicht schlecht sein, auch nicht gut,Gib mir, o Herr, nur Kraft und Muth,Ein Fels in meine Welt zu ragen!",l0080077,Gebet,"Wilhelm, Paul",1,5,"Das lyrische Wien. Eine moderne Lese. Mit Dichtungen von Ferdinand von Saar, J. J. David, Franz Herold, Hermann Hango, Josef Kitir, Felix Dörmann, Freiherr Carl von Levetzow, Arnold Hagenauer, Paul Wilhelm, Carl Maria Klob, Hugo von Hofmannsthal. Wien/Berlin/Leipzig 1899.",b'1899',"Renner, August"
37,Den Bergstrom seh' ich tobenHervor aus wildem Schacht.Ich will einmal erprobenAn ihm der Stimme Macht.Ein Schrei aus voller Lunge.Ich hör' ihn selber nicht!Zum Hohn bestäubt im SprungeStrom mein Angesicht.,l0080081,Ohnmacht,"Klob, Karl Maria [Klob, Carl M.]",2,4,"Das lyrische Wien. Eine moderne Lese. Mit Dichtungen von Ferdinand von Saar, J. J. David, Franz Herold, Hermann Hango, Josef Kitir, Felix Dörmann, Freiherr Carl von Levetzow, Arnold Hagenauer, Paul Wilhelm, Carl Maria Klob, Hugo von Hofmannsthal. Wien/Berlin/Leipzig 1899.",b'1899',"Renner, August"
38,"Mir gegenüber saß ein KnabeMit dem dreifärbigen Bande,Er sah zu mirUnd wollte meinem Blicke begegnen.Ich dachte zu ihm hinüber:Vor meinen Augen, Knabe,Kannst du nicht besteh'n.Sie haben zu oft mit dem Tode gerungen.Er dachte ein Lächeln:""Auch ich habe dem Tode getrotzt.""Du hast ihm getrotzt —,Weil du noch niemals ihn erkannt hast;Du hast noch kein Ding geschaut gleich mir:Nackt und schleierlos.Aber diese Augen haben stand gehaltenWeit mehr als dem Tode.Das SchicksalHaben sie gebannt.Das UngenannteHaben sie gezwungen.Die Schrecken der EinsamkeitHaben sie ertragen.Verstummt sind vor ihnenDie grausamsten FragenUnserer bösesten Nächte — :Kannst du das begreifen?Und der Knabe ahnte das FurchtbareIn meinen Gedanken;Die bösen Fragen,Die grausame Nächte stellen.Und er senkte den Blick.Da liebte ich den KnabenUnd seine fallenden Augen,Die das Erhabene ahnen.",l0080065,Begegnung,"Levetzow, Karl Michael Freiherr von [Levetzow, Carl Freiherr von]",10,4,"Das lyrische Wien. Eine moderne Lese. Mit Dichtungen von Ferdinand von Saar, J. J. David, Franz Herold, Hermann Hango, Josef Kitir, Felix Dörmann, Freiherr Carl von Levetzow, Arnold Hagenauer, Paul Wilhelm, Carl Maria Klob, Hugo von Hofmannsthal. Wien/Berlin/Leipzig 1899.",b'1899',"Renner, August"
39,"Nein, uns're Liebe war kein heißes Werben,Sie war ein stummes, willenloses Finden,Doch todestraurig war ihr bitter Sterben.Die Reste taumeln jetzt in allen Winden.Mich sieht auch Keiner nach Verlor'nem schmachten,Noch werd' ich mich an Unbekanntes binden,Nur nach der großen Ruhe geht mein Trachten.",l0080068,Nach Ruhe,"Hagenauer, Arnold",1,7,"Das lyrische Wien. Eine moderne Lese. Mit Dichtungen von Ferdinand von Saar, J. J. David, Franz Herold, Hermann Hango, Josef Kitir, Felix Dörmann, Freiherr Carl von Levetzow, Arnold Hagenauer, Paul Wilhelm, Carl Maria Klob, Hugo von Hofmannsthal. Wien/Berlin/Leipzig 1899.",b'1899',"Renner, August"
40,"""Dein Himmel ist ein blauer Irrthum bloß,Ein Ungeheuer, schwarz, erbarmungslos,Der Welten Raum, wo Urgewalten tollen,Durch Todesfrost die Feuerkugeln rollen.Es wird der Stern des Sternes Flammenraub,Aufsprühend fliegt der Meteore Staub,In Nebel muss die Sonne dort zerstieben,Und wo bist du mit deinem Traum geblieben!Es zwingt Gesetz die Nadeln zum Krystall,Es zwingt Gesetz die Sonnenheer' im All,Die ewig jung dem Sonnensturz entglühen,Wie Blumen jung aus Blumenmoder blühen.Und spielend so in seinem ew'gen SeinMischt diesen Staub zu immer neuem ScheinEin dunkler Wille, ein verhüllter Sinn —""So bin ich ja im Himmel mitten drin!",l0080022,Im Himmel,"Herold, Franz",4,4,"Das lyrische Wien. Eine moderne Lese. Mit Dichtungen von Ferdinand von Saar, J. J. David, Franz Herold, Hermann Hango, Josef Kitir, Felix Dörmann, Freiherr Carl von Levetzow, Arnold Hagenauer, Paul Wilhelm, Carl Maria Klob, Hugo von Hofmannsthal. Wien/Berlin/Leipzig 1899.",b'1899',"Renner, August"
41,"Wenn Menschen flieh'n, so bleibt dein Herz dir noch,Wenn Lust dich höhnt, so bleibt dein Schmerz dir noch,Er war dir Freund, er war dir Lehrer schon.Er hebt den Sinn schon himmelwärts dir noch,Er ist der Sturmwind von der Götter Thron.Und sieh'! Das Veilchen bringt der März dir noch,Der Juni schon mit seinen Rosen winkt,Ein bunter Falter, fliegt der Scherz dir nochHin übern Abgrund, drin dein Muth versinkt.Und schließt dein Glück das Thor, so sperrt's dir noch —Gib Acht! — ein Thürlein auf, das näher bringt!",l0080025,Trost,"Herold, Franz",2,6,"Das lyrische Wien. Eine moderne Lese. Mit Dichtungen von Ferdinand von Saar, J. J. David, Franz Herold, Hermann Hango, Josef Kitir, Felix Dörmann, Freiherr Carl von Levetzow, Arnold Hagenauer, Paul Wilhelm, Carl Maria Klob, Hugo von Hofmannsthal. Wien/Berlin/Leipzig 1899.",b'1899',"Renner, August"
42,"Über unsere StirnenWeinen weiße Engel.Marmorengel.Und aus uns'ren HerzenswundenSprießen Rosen,Sprießen Nelken,Sprießen Lilien und Levkojen,Sprießt auch dunkle Belladonna.",l0080076,Weiße Engel weinen....,"Hagenauer, Arnold",1,8,"Das lyrische Wien. Eine moderne Lese. Mit Dichtungen von Ferdinand von Saar, J. J. David, Franz Herold, Hermann Hango, Josef Kitir, Felix Dörmann, Freiherr Carl von Levetzow, Arnold Hagenauer, Paul Wilhelm, Carl Maria Klob, Hugo von Hofmannsthal. Wien/Berlin/Leipzig 1899.",b'1899',"Renner, August"
43,"Komm zu mir. Dein Herz, dein Herz wie's klopft,An deinem grauen Mantel das Wasser niedertropft,Und nirgends ein Haus, ein Baum.Du glühst als wie im Fiebertraum.Du schüttelst dich wie eine kranke Schlange.Ich zitt're auch, auch mir ist bange,Und durch mein Inn'res schleicht ein Ahnen,An was wird uns der Abend mahnen,Den wir herbeigesehnt so lange,Zu diesem stillen, kalten Gange.Komm. Mir die Hand! Wie Fieber heiß,Und deine sonst so rothen Lippen wie Marmor weiß.Was quäl' ich dich! Welch dummes Spiel!Du littst zu viel, schon allzuvielIn diesem furchtbar-nassen, kühlen Regen.",l0080074,Im Regen,"Hagenauer, Arnold",3,5,"Das lyrische Wien. Eine moderne Lese. Mit Dichtungen von Ferdinand von Saar, J. J. David, Franz Herold, Hermann Hango, Josef Kitir, Felix Dörmann, Freiherr Carl von Levetzow, Arnold Hagenauer, Paul Wilhelm, Carl Maria Klob, Hugo von Hofmannsthal. Wien/Berlin/Leipzig 1899.",b'1899',"Renner, August"
44,"Ich will vom Schicksal nicht verlangen,Es komme nochmals eine Stund'Für mich, im Wonnekuss zu hangenWie einst, wie einst an deinem Mund.Erreichen möcht' ich nur die Stunde,Und wär's an meines Lebens Rand,In der ich, kniend auf dem Grunde,Noch einmal fasse deine Hand;Und leise bittend zu dir sage:""Bevor auch du in Erdenruh',O denk' noch einmal jener Tage,Um die nur wissen ich und du!""",l0080033,Letzte Gunst,"Hango, Hermann",3,4,"Das lyrische Wien. Eine moderne Lese. Mit Dichtungen von Ferdinand von Saar, J. J. David, Franz Herold, Hermann Hango, Josef Kitir, Felix Dörmann, Freiherr Carl von Levetzow, Arnold Hagenauer, Paul Wilhelm, Carl Maria Klob, Hugo von Hofmannsthal. Wien/Berlin/Leipzig 1899.",b'1899',"Renner, August"
45,"Ob auch ein überkluges GeschlechtDich belächelt als Unverstand;Ob der banausische Schwarm,Der in den Tempel der Kunst sich drängt,Um bei des Altars heiliger FlammeMahlzeit zu halten,Dir, weil du den Mann nicht nährst,Hochmüthig den Rücken kehrt,Indes ein Heer frecher StümperDich entweiht zu nichtigem Spiel:Immer und ewigBleibst du, hochaufstrebende Lyrik,Blüte und Krone der Dichtkunst.Denn überall sonst befehden sich Stoff und Form,Und der Meister selbst,Der den Zwiespalt zu lösen scheint,In tiefster Brust empfindet erVor dem beendeten WerkVorwurfsvollen MissklangDes Unbewältigten.Du aber, athmend reinster Empfindung Hauch,Folgst in sanften RhythmenWillig dem GeistUnd lenkst ihn zuletzt,Da du Worte hast für das Unsagbare,Siegreich hinan zu ahnungsvollster Erkenntnis.Und wie du der Freude HöhenAls leuchtendste Rose schmückst,Blühst du auch, schwermuthsvoll,Als Passiflore hervorAus den Abgründen des Lebens.",l0080002,Die Lyrik,"Saar, Ferdinand",2,18,"Das lyrische Wien. Eine moderne Lese. Mit Dichtungen von Ferdinand von Saar, J. J. David, Franz Herold, Hermann Hango, Josef Kitir, Felix Dörmann, Freiherr Carl von Levetzow, Arnold Hagenauer, Paul Wilhelm, Carl Maria Klob, Hugo von Hofmannsthal. Wien/Berlin/Leipzig 1899.",b'1899',"Renner, August"
46,"Ich schritt an einem hellen SonntagsmorgenAllein dahin durch Wiese, Wald und Flur.Verschwunden waren alle meine Sorgen,Hinweggeküsst vom Hauche der Natur.Es herrschte ringsum feierliche Stille,Auch nicht den kleinsten Laut vernahm mein Ohr,Als jählings sich mit ihrer LiederfülleDie Lerche schwang zum Himmelszelt empor.Ich sah ihr nach, doch höher, immer höherDrang sie hinein ins blaue Ätherlicht.Mir war es, als verlache sie den Späher,Dem es ihr gleich zu thun an Kraft gebricht.Da fühlte ich mit hehrem WonnebebenMein Denken frei von jedem Spott und Hohn,Als würde ich entrückt dem Erdenleben,Und stünde ich vor Gottes hohem Thron.Ich fühlte tiefbewegt die Brust sich weiten,Als würde ich vom Andachtshauch umweht,Und that etwas, was ich seit JugendzeitenNicht mehr gethan: ich kniete im Gebet. —Ich harrte lange so im Andachtsschweigen,Doch plötzlich störte mich ein Jammerton.Ich blickte auf und sah von fern sich zeigenDie rothen Fahnen einer Procession.Ich sah sie nah'n mit nicht geringem Grimme.Wie war es doch so kirchenstill zuvor:Und jetzt? Ein Mann singt laut mit heis'rer Stimme,Falsch kreischend wiederholt der Weiber Chor.Nein! Jetzt nur keinen Menschen sehen müssen.Mit seinem Angesicht, so dumm und kalt,Da ich mich ließ vom Schöpfungshauche küssen!Und eilig schritt ich abseits in den Wald.",l0080083,Gottesdienst,"Klob, Karl Maria [Klob, Carl M.]",4,8,"Das lyrische Wien. Eine moderne Lese. Mit Dichtungen von Ferdinand von Saar, J. J. David, Franz Herold, Hermann Hango, Josef Kitir, Felix Dörmann, Freiherr Carl von Levetzow, Arnold Hagenauer, Paul Wilhelm, Carl Maria Klob, Hugo von Hofmannsthal. Wien/Berlin/Leipzig 1899.",b'1899',"Renner, August"
47,"Heut will ich eine tiefe RastUnd nichts von Menschenweise,Selbst dein Geleit wird mir zur Last,Wie sanft du sprichst und leise.Du bringst mir dennoch manche SpurVom lauten Erdenreigen,Ich aber will heut wandern nurIns unbedingte Schweigen.",l0080046,Ins Schweigen,"Kitir, Josef",2,4,"Das lyrische Wien. Eine moderne Lese. Mit Dichtungen von Ferdinand von Saar, J. J. David, Franz Herold, Hermann Hango, Josef Kitir, Felix Dörmann, Freiherr Carl von Levetzow, Arnold Hagenauer, Paul Wilhelm, Carl Maria Klob, Hugo von Hofmannsthal. Wien/Berlin/Leipzig 1899.",b'1899',"Renner, August"
48,"So möcht' ich ruh'n.. Mein Grab alleinAuf einem Cap ins Meer hinein,Und über mir des Schiffers Mal,Ein hoher Baum im Sonnenstrahl.Und modern nicht, wo Grab an GrabEndlose Reihen liegt hinab,Wo alles ruht, was lebenslangGeflohen ich, um Höh'res bang.Und schlafen nicht in Mauern still,Wo kaum ein Vogel flattern will,Doch ruhen, wo mir ins GebeinNoch bebt der Lebenspuls hinein.Das Meer noch schüttert meinen Staub,Bis Grab und Fels der Wellen RaubUnd aufgellt einer Möve Schrei,Als ob es meine Seele sei.",l0080030,So möcht' ich ruh'n,"Hango, Hermann",4,4,"Das lyrische Wien. Eine moderne Lese. Mit Dichtungen von Ferdinand von Saar, J. J. David, Franz Herold, Hermann Hango, Josef Kitir, Felix Dörmann, Freiherr Carl von Levetzow, Arnold Hagenauer, Paul Wilhelm, Carl Maria Klob, Hugo von Hofmannsthal. Wien/Berlin/Leipzig 1899.",b'1899',"Renner, August"
49,"Vom Lärm der Stadt zum Wald gezogenHab' ich zwei Bäume heut geseh'n,Die Äste Arm in Arm gebogenWie Liebende beisammen steh'n.O, wie ein Wehen oft, ein lindesDie B1ätter aneinander biegt,Wenn ihr, im leichten Spiel des Windes,Wie träumend eure Zweige wiegt.Und wird's Jahrtausende auch dauern,Einst werdet ihr auch Menschen sein,Bedrängt von gleichen FreudenschauernWie wir, und von derselben Pein.Wenn dann Natur auf WunderbahnenVereinigt wieder, was getrennt,Dann spürt ihr wohl ein jähes Ahnen,Dass ihr euch schon so lange kennt.Und ob bestimmt zu einem düster'n,Ob euch ein golden Ziel gesetzt,Ihr werdet Liebesworte flüsternEinst zu einander so wie jetzt.",l0080037,Zwei Bäume,"Kitir, Josef",5,4,"Das lyrische Wien. Eine moderne Lese. Mit Dichtungen von Ferdinand von Saar, J. J. David, Franz Herold, Hermann Hango, Josef Kitir, Felix Dörmann, Freiherr Carl von Levetzow, Arnold Hagenauer, Paul Wilhelm, Carl Maria Klob, Hugo von Hofmannsthal. Wien/Berlin/Leipzig 1899.",b'1899',"Renner, August"
50,"An meiner Thür die Glocke klingt,bald laut und grell, bald zag im Ton,Zumeist, von wem sie Kunde bringt,Verräth ihr Hall mir schon.Und dich erkannt' ich gleich am Klang,Denn niemals bebte noch in ihrSo ungestüm ein HerzensdrangWie einst, bewegt von dir.Wohl horch' ich heut noch oftmals hin,Als müsst' sie klingen, seltsam, schrill,Da pocht mein Herz, da bebt mein Sinn,Die Glocke nur bleibt still.Sie ruft mich wohl zu mancher Zeit,Trägt der, und die nach mir Begehr —Doch so in lauter Liebe schreitNach mir sie längst nicht mehr.",l0080036,Die Thürglocke,"Kitir, Josef",4,4,"Das lyrische Wien. Eine moderne Lese. Mit Dichtungen von Ferdinand von Saar, J. J. David, Franz Herold, Hermann Hango, Josef Kitir, Felix Dörmann, Freiherr Carl von Levetzow, Arnold Hagenauer, Paul Wilhelm, Carl Maria Klob, Hugo von Hofmannsthal. Wien/Berlin/Leipzig 1899.",b'1899',"Renner, August"
51,"Ich liebe die hektischen, schlankenNarcissen mit blutrothem Mund,Ich liebe die Qualengedanken,Die Herzen zerstochen und wund;Ich liebe die Fahlen und Bleichen,Die Frauen mit müdem Gesicht,Aus welchen in flammenden Zeichen,Verzehrende Sinnenglut spricht;Ich liebe die schillernden Schlangen,So schmiegsam und biegsam und kühl;Ich liebe die klagenden, bangen,Die Lieder von Todesgefühl;Ich liebe die herzlosen, grünenSmaragde vor jedem Gestein;Ich liebe die gelblichen DünenIm bläulichen Mondenschein;Ich liebe die glutendurchtränkten,Die Düfte, berauschend und schwer;Die Wolken, die blitzedurchsengten,Das graue wuthschäumende Meer;Ich liebe was niemand erlesen,Was keinem zu lieben gelang:Mein eigenes, urinnerstes WesenUnd alles, was seltsam und krank.",l0080051,Was ich liebe,"Dörmann, Felix",6,4,"Das lyrische Wien. Eine moderne Lese. Mit Dichtungen von Ferdinand von Saar, J. J. David, Franz Herold, Hermann Hango, Josef Kitir, Felix Dörmann, Freiherr Carl von Levetzow, Arnold Hagenauer, Paul Wilhelm, Carl Maria Klob, Hugo von Hofmannsthal. Wien/Berlin/Leipzig 1899.",b'1899',"Renner, August"
52,"Der Römercircus — bleich und geisterhaft,Der Zeit Skelet, der Fleisch und Adern schrumpften,Der starken Zeit, wo sich die Schwerter stumpftenAn Todesmuth und Lebensüberkraft.Der Mond darüber, kalten, fahlen Scheins,Der ausgestürmte, leergebrannte Krater;Ein Welttheater überm Welttheater —Sie grüßen sich und lächeln: alles eins!",l0080020,Theater,"Herold, Franz",2,4,"Das lyrische Wien. Eine moderne Lese. Mit Dichtungen von Ferdinand von Saar, J. J. David, Franz Herold, Hermann Hango, Josef Kitir, Felix Dörmann, Freiherr Carl von Levetzow, Arnold Hagenauer, Paul Wilhelm, Carl Maria Klob, Hugo von Hofmannsthal. Wien/Berlin/Leipzig 1899.",b'1899',"Renner, August"
53,"Heut lebt ein Frühlingszauber in der Luft,Wie kühl der Wind auch weht so spät im Jahr,Und mangelt auch der Blumen Glanz und Duft,Heut leuchtet alles doch so wunderbar,Heut lebt ein Frühlingszauber in der Luft.Heut liebt mein Herz, wie es noch nie geliebt,Wie's oft im Sturm gebebt auch und im Hauch,Heut fühl' die Zeit ich, da mein Leid zerstiebt,Und fehlt zur Liebe jedes Wesen auch,Heut liebt mein Herz, wie es noch nie geliebt!",l0080044,Spätfrühling,"Kitir, Josef",2,5,"Das lyrische Wien. Eine moderne Lese. Mit Dichtungen von Ferdinand von Saar, J. J. David, Franz Herold, Hermann Hango, Josef Kitir, Felix Dörmann, Freiherr Carl von Levetzow, Arnold Hagenauer, Paul Wilhelm, Carl Maria Klob, Hugo von Hofmannsthal. Wien/Berlin/Leipzig 1899.",b'1899',"Renner, August"
54,"Mattgelbe Flore deine Nacktheit hüten —Ein blasses Kerzenlicht im letzten RaumUnd früh erschlossene KastanienblütenAchtlos verstreut an uns'res Lagers Saum.Wie rosenrotes, zartes Erz erschimmertDein junger Leib — wie süß ist seine Last!Und wie dein großes Auge feucht erflimmert!Und wie du drängst — o jugendliche Hast!Wie deine Brüste auf und nieder wiegen....Noch säumt der Sturm, der in den Nerven wühlt.Ach, es ist süß, so regungslos zu liegen,Von deiner Küsse lauer Flut bespült.",l0080056,Mattgelbe Flore deine Nacktheit hüten,"Dörmann, Felix",3,4,"Das lyrische Wien. Eine moderne Lese. Mit Dichtungen von Ferdinand von Saar, J. J. David, Franz Herold, Hermann Hango, Josef Kitir, Felix Dörmann, Freiherr Carl von Levetzow, Arnold Hagenauer, Paul Wilhelm, Carl Maria Klob, Hugo von Hofmannsthal. Wien/Berlin/Leipzig 1899.",b'1899',"Renner, August"
55,"Es sank beim ersten TagenNach einer WetternachtAuf meinen Weg geschlagenEin Zweig in blanker Pracht.Die Blume war's, die gleiche,Jasmin, den deine Hand,Die schlanke, lilienbleiche,So oft mir zugesandt.Als ich den Zweig, den reinen,Wie deinen Gruß empfieng —Noch einmal musst' ich weinen,Dass alles so vergieng.",l0080034,Dein Gruß,"Hango, Hermann",3,4,"Das lyrische Wien. Eine moderne Lese. Mit Dichtungen von Ferdinand von Saar, J. J. David, Franz Herold, Hermann Hango, Josef Kitir, Felix Dörmann, Freiherr Carl von Levetzow, Arnold Hagenauer, Paul Wilhelm, Carl Maria Klob, Hugo von Hofmannsthal. Wien/Berlin/Leipzig 1899.",b'1899',"Renner, August"
56,"Und ist ein Herz vom Wege abgeirrt —Im Buch der Bücher steht es so geschrieben —Ein jeder Fehl und jede Sünde wirdVergeben um ein starkes, volles Lieben.Und ward ein Mann vom Pfade je gedrängtDurch Fügung oder eigenes Erkühnen,Das Weib, das liebend ihn zuerst umfängt,Im Kusse darf's ihn priesterlich entsühnen.Du bist die Priesterin, das Heil. Wie langErsehnt' ich dich, die längst mein Herz verkündigt —Umfasse mich! Ich bin so müd und schwank...Entsühne mich ! Ich habe viel gesündigt....",l0080012,Entsühne mich,"David, Jakob Julius [David, J. J.]",3,4,"Das lyrische Wien. Eine moderne Lese. Mit Dichtungen von Ferdinand von Saar, J. J. David, Franz Herold, Hermann Hango, Josef Kitir, Felix Dörmann, Freiherr Carl von Levetzow, Arnold Hagenauer, Paul Wilhelm, Carl Maria Klob, Hugo von Hofmannsthal. Wien/Berlin/Leipzig 1899.",b'1899',"Renner, August"
57,"Weiß wohl, ich sollte anders mich gebärden,Tret' ich nach langer Trennung vor dich hin.Ich sollte wohl, mit kindlich frommem Sinn,In deiner Nähe wieder Knabe werden.Denn was der guten Hirtin ihre Herden,Was ihre Alpe ist der Sennerin:Das bin ich dir! Du gäbest gerne hinFür mich dein allerletztes Gut auf Erden.Doch ich bin trocken, kalt, zuweilen hässlich.O wüsst' ich mich von diesen Fehlern rein!Ach! das Gefühl bewusster Schuld ist grässlich!Unendlich quält mich oft die Seelenpein,Denn deine Liebe, sie ist unermesslich,Und ich muss ewiglich dein Schuldner sein!",l0080086,Meiner Mutter,"Klob, Karl Maria [Klob, Carl M.]",4,3,"Das lyrische Wien. Eine moderne Lese. Mit Dichtungen von Ferdinand von Saar, J. J. David, Franz Herold, Hermann Hango, Josef Kitir, Felix Dörmann, Freiherr Carl von Levetzow, Arnold Hagenauer, Paul Wilhelm, Carl Maria Klob, Hugo von Hofmannsthal. Wien/Berlin/Leipzig 1899.",b'1899',"Renner, August"
58,"Die Zofe sitzt im ThurmgemachUnd trommelt an die Scheiben.""Warum die junge Herrin wohlAllein will heute bleiben?""Der Page lässt mich auch im Stich?Was hat das zu bedeuten?Und wo der Schlossherr schweifen magIn fernen, fernen Weiten?""",l0080085,Schlossroman,"Klob, Karl Maria [Klob, Carl M.]",2,4,"Das lyrische Wien. Eine moderne Lese. Mit Dichtungen von Ferdinand von Saar, J. J. David, Franz Herold, Hermann Hango, Josef Kitir, Felix Dörmann, Freiherr Carl von Levetzow, Arnold Hagenauer, Paul Wilhelm, Carl Maria Klob, Hugo von Hofmannsthal. Wien/Berlin/Leipzig 1899.",b'1899',"Renner, August"
59,"Das war der Tag der weißen Callablüten,Die um dein Lager üppig ausgestreut,Als draußen Sonnenlicht und Farben glühten,Der Tag im Recht war und die Nacht so weit.Ich sah dich an, du bliebst in all der FülleMir wie ein Marmorbild von todtem Stein,Wie eines Gottgedankens Künstlerhülle,Ich sah dich so, mein Auge war's allein.Du warst dem hellen Licht zurückgegeben,Der Krankheit Macht gebrochen und zerstört,Und du wirst nun für alle, alle lebenUnd hättest todt — nur mir allein gehört.",l0080073,Das war der Tag der weißen Callablüten,"Hagenauer, Arnold",3,4,"Das lyrische Wien. Eine moderne Lese. Mit Dichtungen von Ferdinand von Saar, J. J. David, Franz Herold, Hermann Hango, Josef Kitir, Felix Dörmann, Freiherr Carl von Levetzow, Arnold Hagenauer, Paul Wilhelm, Carl Maria Klob, Hugo von Hofmannsthal. Wien/Berlin/Leipzig 1899.",b'1899',"Renner, August"
60,"Noch heute glaub' ich dich zu seh'nVoll Hast herauf die Straße geh'n,Was aber hältst du in der Hand,Doch für papierumschloss'nen Tand?Da hast du, sorglich mein bedacht,Mir Lieblingsspeisen mitgebracht,Du hast sie lächelnd mir gereicht,Mir aber ward das Auge feucht.Nicht stets in der Verklärung Hauch,Oft schau ich so dein Bildnis auch,Und schaue nicht im großen nur,Im kleinsten noch die Liebesspur.",l0080040,Die Lieblingsspeise,"Kitir, Josef",3,4,"Das lyrische Wien. Eine moderne Lese. Mit Dichtungen von Ferdinand von Saar, J. J. David, Franz Herold, Hermann Hango, Josef Kitir, Felix Dörmann, Freiherr Carl von Levetzow, Arnold Hagenauer, Paul Wilhelm, Carl Maria Klob, Hugo von Hofmannsthal. Wien/Berlin/Leipzig 1899.",b'1899',"Renner, August"
61,"Du Winterabend, nebeltoll,Du tiefe Stille, andachtsvoll,Du halbersterbendes VerlangenWie hältst du kosend mich umfangen.Vom ganzen Leben einen Tag,Von allen Stunden einen Schlag,Ein Ton von allen Gesängen,Die sich zu einem Liede drängen.Ich seh' im Dunkel fern ein Licht,Wie ein erbleichendes Gesicht,Im Dorfe noch die Schmiede hämmern,Ich lieb' dich, mystisch-weiches Dämmern.Du bist so ungeboren-jungWie sterbende Erinnerung,Du trübes Licht, du müdes Zagen,Du Abschiedsgruß von todten Tagen.",l0080072,Dämmerung,"Hagenauer, Arnold",4,4,"Das lyrische Wien. Eine moderne Lese. Mit Dichtungen von Ferdinand von Saar, J. J. David, Franz Herold, Hermann Hango, Josef Kitir, Felix Dörmann, Freiherr Carl von Levetzow, Arnold Hagenauer, Paul Wilhelm, Carl Maria Klob, Hugo von Hofmannsthal. Wien/Berlin/Leipzig 1899.",b'1899',"Renner, August"
62,"Stumm glühte rings die Flur Im Mittagsbrande,Nur fleiß'ge Bienen summten durch die Schwüle,Als sinnend wir, an stiller Gräber Rande,Durchschritten eines Friedhofs Schattenkühle.Die holden Gleichnisse der Erdendinge,Die Blumen, sah'n wir auf den Hügeln beben,Und drüber hin, mit kaum bewegter Schwinge,Wie traumverloren müde Falter schweben.Und leichte Schauer rieselten und wehten,Des großen Räthsels unsichtbare Boten;Wir falteten die Hände wie zum Beten,Mit sanfter Wehmuth denkend an die Todten.Es war, als glitten leise wir hinüberZu jenen, die schon längst dahin gegangen;Der bleiche Engel zog an uns vorüber —Wir hörten fast, wie seine Flügel klangen.Doch als wir jetzt, nach ihm empor zu schauen,Mit sanftem Druck uns aneinander schlossen,Da fühlten wir, versenkt in Todesgrauen,Uns plötzlich von dem wärmsten Hauch durchflossen.Durch uns're Liebe, die wir scheu vergessen,Dem Dasein wieder ganz zurückgegeben,Erwachten wir im Dunkel der CypressenUnd hielten uns und küssten uns mit Beben.Nun schien ein Opfer uns die stille Stunde,Dem Tod gebracht, und uns're Wangen glühten,So wie die Rosen, die, mit uns im Bunde,Auf Gräbern ihren süßen Duft versprühten.",l0080004,Opferstunde,"Saar, Ferdinand",7,4,"Das lyrische Wien. Eine moderne Lese. Mit Dichtungen von Ferdinand von Saar, J. J. David, Franz Herold, Hermann Hango, Josef Kitir, Felix Dörmann, Freiherr Carl von Levetzow, Arnold Hagenauer, Paul Wilhelm, Carl Maria Klob, Hugo von Hofmannsthal. Wien/Berlin/Leipzig 1899.",b'1899',"Renner, August"
63,"Ihr dunklen Drähte, hingezogenSo weit mein Aug' zur Ferne schweift,Wie tönt ihr, wenn der Lüfte WogenIn euch so wie in Saiten greift!O welch ein seltsam leises Klingen,Durchzuckt von schrillem Klagelaut,Als hallte nach, was eu'ren SchwingenZu raschem Flug ward anvertraut.Als zitterten in euch die Schmerzen,Als zitterte in euch die Lust,Die ihr aus Millionen HerzenVerkündend, tragt von Brust zu Brust.Und so, ihr wundersamen Saiten,Wenn euch des Windes Hauch befällt,Ertönt ihr in die stillen WeitenAls Äolsharfe dieser Welt!",l0080003,Drahtklänge,"Saar, Ferdinand",4,4,"Das lyrische Wien. Eine moderne Lese. Mit Dichtungen von Ferdinand von Saar, J. J. David, Franz Herold, Hermann Hango, Josef Kitir, Felix Dörmann, Freiherr Carl von Levetzow, Arnold Hagenauer, Paul Wilhelm, Carl Maria Klob, Hugo von Hofmannsthal. Wien/Berlin/Leipzig 1899.",b'1899',"Renner, August"
64,"Der Nachmittag war glühend heiß. Ich saßIn eines Wirtes menschenleerem Garten;Gedankenvoll, beim kaum berührten Glas,Wollt' ich des Abends Kühlung hier erwarten.Still durch die Wipfel strich ein schwüler Hauch,Gedämpft erklang des Straßenlärmes Wogen;Nach Krume zwitschernd, wie es Sperlingsbrauch,Kam ab und zu ein kleiner Gast geflogen.Da hört' ich plötzlich nahen Doppeltritt —Und zwei Gestalten, hoch und schlank, erschienen:Ein junges Paar, mit raschem, leichtem Schritt,Mit hellen Augen und mit klugen Mienen.Er fast ein Jüngling noch. Mit breitem RandeSaß lässig ihm der Hut auf dunklen Locken;Zartbusig sie; auf lichtere GewandeFiel blond ihr Haar, so wie der Flachs vom Rocken.Sie sah'n mich nicht und setzten sich zur Rast —Man merkte wohl, sie seien noch nicht Gatten —Nach kurzem Wählen mit zufried'ner HastGleich in des nächsten Baumes breiten Schatten.Nachdem sie sich mit raschem Trunk erfrischt,Und auch vom Brot gebrochen einen Bissen,Lag schon ein Buch vor ihnen aufgetischt —Ein großes Buch, zerlesen und zersplissen.Von ""Lanzelot"" und von ""Ginevra"" war,Das sah man, nichts in diesem Buch zu lesen;Dem Kennerblicke ward sofort auch klar,Dass es ein Werk der Wissenschaft gewesen.Vielleicht von Darwin oder Stuart Mill —Wie ändern sich, so dacht' ich, doch die Zeiten,Indessen jene, leidenschaftlich still,Herniederseh'n auf eng bedruckte Seiten.Und er, so wie in unbewusstem Thun,Die Hand nur legt auf ihre schmale, feine —Und sie, wie um beim Lesen auszuruh'n,Die zarte Wange sanft lehnt an die seine.Mir aber ward der Anblick zum Gedicht,Zu einem neuen hohen Lied der Liebe,Da ich verklärt sah von des Geistes LichtAuf Erden schon den dunkelsten der Triebe.Und mich erhebend, tief bewegt und leis',Gieng ich hinweg mit Schritten, kaum zu hören,Um solcher Herzen reinen ZauberkreisUnd diese heil'ge Feier nicht zu stören.",l0080008,Liebesscene,"Saar, Ferdinand",11,4,"Das lyrische Wien. Eine moderne Lese. Mit Dichtungen von Ferdinand von Saar, J. J. David, Franz Herold, Hermann Hango, Josef Kitir, Felix Dörmann, Freiherr Carl von Levetzow, Arnold Hagenauer, Paul Wilhelm, Carl Maria Klob, Hugo von Hofmannsthal. Wien/Berlin/Leipzig 1899.",b'1899',"Renner, August"
65,"Weh' dem, der da sein eig'nes Thun zu richtenBegonnen hat! Dann zählt er zu den Kranken,Und schaudernd fühlt er keimen den Gedanken:Sich selbst erkennen, heißt sich selbst vernichten.Denn auf sein Wesen muss er stumm verzichten,Und wie die liebsten Hoffnungen ihm sanken,Lebt er dahin in haltlos ödem SchwankenUnd wünscht den Tod herbei, die Qual zu schlichten.Darum frohlockt nicht so beim Weiterschreiten!Das Dasein ist ein großes Sichbesinnen —Und ein Erkennen jeder Sieg im Streiten.Die Menschheit wird sich selber nicht entrinnen;Denn ob sie scheinbar auch nach außen leiten:Die Fäden führen doch zuletzt nach innen.",l0080007,Zuletzt,"Saar, Ferdinand",4,3,"Das lyrische Wien. Eine moderne Lese. Mit Dichtungen von Ferdinand von Saar, J. J. David, Franz Herold, Hermann Hango, Josef Kitir, Felix Dörmann, Freiherr Carl von Levetzow, Arnold Hagenauer, Paul Wilhelm, Carl Maria Klob, Hugo von Hofmannsthal. Wien/Berlin/Leipzig 1899.",b'1899',"Renner, August"
66,"Wie hast du plötzlich aufgehelltDereinst mein Leben durch dein Lieben,Doch ist aus all der goldnen WeltMir deine Mütze nur geblieben.Wir lebten, hausten ja beinand'Und so geschah's in jenen Tagen,Dass oft in unserm bunten TandDie Dinge durcheinander lagen.Und ob auch du mir längst geraubt,Die Mütze möcht' ich, dass mir bliebe —Hat einst doch unter ihr dein HauptGeglüht für mich in reinster Liebe!",l0080039,Die Mütze,"Kitir, Josef",3,4,"Das lyrische Wien. Eine moderne Lese. Mit Dichtungen von Ferdinand von Saar, J. J. David, Franz Herold, Hermann Hango, Josef Kitir, Felix Dörmann, Freiherr Carl von Levetzow, Arnold Hagenauer, Paul Wilhelm, Carl Maria Klob, Hugo von Hofmannsthal. Wien/Berlin/Leipzig 1899.",b'1899',"Renner, August"
67,"Durch mein sterbend-letztes Leben,Meine einsam-tiefe QualSpür' ich manch einmal dich schweben,Spür' ich mitleidsvoll dich schauen,So wie ein verlor'ner StrahlZittert durch das NebelbrauenIn ein abgeschied'nes Thal.",l0080035,"Aus ""Visionen""","Hango, Hermann",1,7,"Das lyrische Wien. Eine moderne Lese. Mit Dichtungen von Ferdinand von Saar, J. J. David, Franz Herold, Hermann Hango, Josef Kitir, Felix Dörmann, Freiherr Carl von Levetzow, Arnold Hagenauer, Paul Wilhelm, Carl Maria Klob, Hugo von Hofmannsthal. Wien/Berlin/Leipzig 1899.",b'1899',"Renner, August"
68,"Die Sonntagsstille weilt im ZimmerUnd wehrt von draußen jeden Ton,Aus Wand und Decke quillt ein Schimmer,Und jeder Schatten ist davon.Es träumt der Vogel im GesangeSo wundersam, so leise nur,Als müsste stehn die Zeit im Gange,Einhalt' im Gange ich die Uhr.Einklang durchwoget mich gelinde,Und rein, gesänftigt wallt mein Blut,Dass ich den Sonntag vorempfinde,An dem mein Leben einmal ruht.",l0080024,Sonntagsstille,"Herold, Franz",3,4,"Das lyrische Wien. Eine moderne Lese. Mit Dichtungen von Ferdinand von Saar, J. J. David, Franz Herold, Hermann Hango, Josef Kitir, Felix Dörmann, Freiherr Carl von Levetzow, Arnold Hagenauer, Paul Wilhelm, Carl Maria Klob, Hugo von Hofmannsthal. Wien/Berlin/Leipzig 1899.",b'1899',"Renner, August"
69,"Wie noch spät im HerbsteswebenFalter durch die Lüfte schwebenAus des Frühlings Seligkeit,Kreuzen Menschen meine Bahnen,Die mich wunderbar gemahnenAn der Menschheit Knospenzeit.Schön gepaart dem männlich-frischenAhn' ich einen träumerischen,Weiblich sanftgestimmten Sinn,Doppelseelen, reiche, volle,Zwischen der Geschlechter PoleWandelt schwankend ihr dahin.Froh an kleinsten LiebesspendenBrecht ihr nicht mit kühnen HändenFrüchte euch vom Lebensbaum,Euer Lieben ein verhüllter,Namenloser, unerfüllter,Niemals ausgeträumter Traum!Aber wie auf hohen FirnenLiegt's auf euren GötterstirnenWie ein Sonnenblick des Ruhms,Wie ein Zug, ein alltagsscheuer,Wie ein heiliger, ein neuer,Hoher Strahl des Griechenthums!",l0080049,Die neuen Hellenen,"Kitir, Josef",4,6,"Das lyrische Wien. Eine moderne Lese. Mit Dichtungen von Ferdinand von Saar, J. J. David, Franz Herold, Hermann Hango, Josef Kitir, Felix Dörmann, Freiherr Carl von Levetzow, Arnold Hagenauer, Paul Wilhelm, Carl Maria Klob, Hugo von Hofmannsthal. Wien/Berlin/Leipzig 1899.",b'1899',"Renner, August"
70,"Hier lieg' ich, mich dünkt es der Gipfel der Welt,Hier hab' ich kein Haus, und hier hab' ich kein Zelt!Die Wege der Menschen sind um mich her,Hinauf zu den Bergen und nieder zum Meer:Sie tragen die Ware, die ihnen gefällt,Unwissend, dass jede mein Leben enthält.Sie bringen in Schwingen aus Binsen und GrasDie Früchte, von denen ich lange nicht aß:Die Feige erkenn' ich, nun spür' ich den Ort,Doch lebte der lange Vergessene fort!Und war mir das Leben, das schöne, entwandt,Es hielt sich im Meer und es hielt sich im Land!",l0080089,Gute Stunde,"Hofmannsthal, Hugo von [alt. Pseudonym Loris]",6,2,"Das lyrische Wien. Eine moderne Lese. Mit Dichtungen von Ferdinand von Saar, J. J. David, Franz Herold, Hermann Hango, Josef Kitir, Felix Dörmann, Freiherr Carl von Levetzow, Arnold Hagenauer, Paul Wilhelm, Carl Maria Klob, Hugo von Hofmannsthal. Wien/Berlin/Leipzig 1899.",b'1899',"Renner, August"
71,"Du hast deinen brünstigen Leib mir geschenkt,Mit rasender Wollust das Hirn mir durchtränkt —Ich aber, ich dürste nach Liebe.Der Wollust berauschender Opiumwein,Er lullt ja die brennende Sehnsucht nur ein,Die brennende Sehnsucht nach Liebe.Im Wahnwitzgejauchz' dionysischer GierAufzittert noch immer, noch immer in mir —Die schreiende Sehnsucht nach Liebe.",l0080060,Liebe!,"Dörmann, Felix",3,3,"Das lyrische Wien. Eine moderne Lese. Mit Dichtungen von Ferdinand von Saar, J. J. David, Franz Herold, Hermann Hango, Josef Kitir, Felix Dörmann, Freiherr Carl von Levetzow, Arnold Hagenauer, Paul Wilhelm, Carl Maria Klob, Hugo von Hofmannsthal. Wien/Berlin/Leipzig 1899.",b'1899',"Renner, August"
72,"Hochweit herabTönen meine Gesänge,Von der Stätte des Schweigens,Von dem Felsen der Einsamkeiten.Feindlich, in die Tiefen der NachtschlündeBohrte ich mich, abwärtsfliehend,In leidvollstem Hassen;Brüderlich zum TagessterneHabe ich mich gesellt,In gewaltigem, lichtvollem Lieben: —Zwischen Sonne und AbgrundSchaffe ich mir meine Straße;Wegeweit, raumvergessenTreibe ich meine Fernsicht.Von dem Felsen der Einsamkeiten,Von der Stätte des Schweigens,Tönet, meine Gesänge,Hochweit herab!",l0080061,Das Höhenlied,"Levetzow, Karl Michael Freiherr von [Levetzow, Carl Freiherr von]",5,4,"Das lyrische Wien. Eine moderne Lese. Mit Dichtungen von Ferdinand von Saar, J. J. David, Franz Herold, Hermann Hango, Josef Kitir, Felix Dörmann, Freiherr Carl von Levetzow, Arnold Hagenauer, Paul Wilhelm, Carl Maria Klob, Hugo von Hofmannsthal. Wien/Berlin/Leipzig 1899.",b'1899',"Renner, August"
73,"Noch gestern Abend warst du hier,Und da ist noch die Spur von dir —Wie du gebracht ihn mit dem FußEin Wisch von Straßenstaub und Ruß.Und doch ist mir, wie drüberfährtDas Weib und mir die Stube kehrt,Als wieder kam der alte Glanz,Nun hätt' ich dich verloren ganz.Wohl sah ich lange noch dahinUnd seltsam trüb ward mir zu Sinn,Denn war's ein Streif von Staub auch nur,So war's von dir doch eine Spur.",l0080038,Die Staubspur,"Kitir, Josef",3,4,"Das lyrische Wien. Eine moderne Lese. Mit Dichtungen von Ferdinand von Saar, J. J. David, Franz Herold, Hermann Hango, Josef Kitir, Felix Dörmann, Freiherr Carl von Levetzow, Arnold Hagenauer, Paul Wilhelm, Carl Maria Klob, Hugo von Hofmannsthal. Wien/Berlin/Leipzig 1899.",b'1899',"Renner, August"
74,"Über der Stadt blaut sonnig der Himmel,Brütet des Mittags sengende Glut;Träger bewegt sich das Menschengewimmel,Wen nicht die Noth treibt, der feiert und ruht.Still, ganz still sind die vornehmen Gassen,Fast erscheinen sie unbewohnt,Alle Häuser verödet, verlassen,Wo im Winter der Reichthum thront.Dort vor jenem erneut man das Pflaster,Nützend des Sommers günstige Zeit;Schweigend schauen die stolzen PilasterAuf das Getriebe der Emsigkeit.Dumpf erklingen die schweren Hauen,Knirschend gräbt sich die Schaufel ein;Von den Stirnen der Männer thauenTropfen der Arbeit und ihrer Pein.Jetzt doch aus den schwieligen HändenLegen das wuchtige Werkzeug sie hin,Gönnen Rast den erschöpften Lenden,Rüsten zum Mahl sich mit dumpfem Sinn.Essen von knorriger Faust den Bissen,Holen den Trunk sich vom nächsten Ort;Kauernd auf Steinen, dem Boden entrissen,Lagert die Gruppe mit spärlichem Wort.Lehnend die Häupter an kantige Pfühle,Schlummern endlich die Müden ein;Tiefer senkt sich die drückende Schwüle,Nieder glitzert der Sonnenschein. —Horch! Was hat sich da plötzlich erhoben?Frauenstimmen mit hellstem Klang!In der Opernschule da drobenÜbt man schwellenden Chorgesang.Es ist Schillers ""Lied an die Freude"",Wie es Beethoven in Töne gebracht,Herrlich durchwogt es das hohe Gebäude,Dringt durch die Fenster mit steigender Macht.""Seid umschlungen, Millionen!""Bricht es in feurigem Einklang hervor;Mögen es hören, die ringsum wohnen,Nimmer berührt es der Schläfer Ohr.""Alle Menschen werden Brüder!""Schmelzend erklingt es jetzt und leis',Heute ist Probe — und morgen wieder,Bis der Applaus uns belohnt und der Preis! —Oben ein Schwelgen in Hochgefühlen,Rosigste Träume der Kunst und des Ruhms —Unten aber auf kantigen Pfühlen,Schwerstes Athmen des Menschenthums.",l0080009,Contraste,"Saar, Ferdinand",12,4,"Das lyrische Wien. Eine moderne Lese. Mit Dichtungen von Ferdinand von Saar, J. J. David, Franz Herold, Hermann Hango, Josef Kitir, Felix Dörmann, Freiherr Carl von Levetzow, Arnold Hagenauer, Paul Wilhelm, Carl Maria Klob, Hugo von Hofmannsthal. Wien/Berlin/Leipzig 1899.",b'1899',"Renner, August"
75,"Ich kannte Eine. Wie sie hieß?Wer nennt das Wort, das mir verklang?Vergessen ist's. Ich weiß nur dies:Dass ich sie liebte und umschlang.Das Lied von der, die mir entschwand,Singt nun der Nachtwind meinen Ohren —Am Wege hab' ich sie verloren,Die sich zu mir am Wege fand.",l0080015,Am Wege,"David, Jakob Julius [David, J. J.]",2,4,"Das lyrische Wien. Eine moderne Lese. Mit Dichtungen von Ferdinand von Saar, J. J. David, Franz Herold, Hermann Hango, Josef Kitir, Felix Dörmann, Freiherr Carl von Levetzow, Arnold Hagenauer, Paul Wilhelm, Carl Maria Klob, Hugo von Hofmannsthal. Wien/Berlin/Leipzig 1899.",b'1899',"Renner, August"
76,"Den Erben lass verschwendenAn Adler, Lamm und PfauDas Salböl aus den HändenDer todten alten Frau!Die Todten, die entgleiten,Die Wipfel in dem Weiten,Ihm sind sie wie das SchreitenDer Tänzerinnen wert!Er geht, wie den kein WaltenVom Rücken her bedroht.Er lächelt, wenn die FaltenDes Lebens flüstern: Tod!Ihm bietet jede StelleGeheimnisvoll die Schwelle,Es gibt sich jeder WelleDer Heimatlose hin!Der Schwarm von wilden BienenNimmt seine Seele mit,Das Singen von DelphinenBeflügelt seinen Schritt:Ihn tragen alle ErdenMit mächtigen Gebärden,Der Flüsse DunkelwerdenBegrenzt den Hirtentag!Das Salböl aus den HändenDer todten alten FrauLass lächelnd ihn verschwendenAn Adler, Lamm und Pfau:Er lächelt der Gefährten, —Die schwebend unbeschwertenAbgründe und die GärtenDes Lebens tragen ihn!",l0080088,Den Erben lass verschwenden,"Hofmannsthal, Hugo von [alt. Pseudonym Loris]",4,8,"Das lyrische Wien. Eine moderne Lese. Mit Dichtungen von Ferdinand von Saar, J. J. David, Franz Herold, Hermann Hango, Josef Kitir, Felix Dörmann, Freiherr Carl von Levetzow, Arnold Hagenauer, Paul Wilhelm, Carl Maria Klob, Hugo von Hofmannsthal. Wien/Berlin/Leipzig 1899.",b'1899',"Renner, August"
77,"Die graue Luft — wie Rückflut von Gedanken —Bedrängt die Brust mit schwerem Wolkenschwehlen.Wie Odem der, die frühverstorben sanken;Die niemehr ihren großen Schmerz erzählen.Und zitternd fleh'n aus dunklem NiederschwebenDes Geistes Hände — der vergaß zu leben.Vergess'ne bringen uns're NebeltageMit den gedankenvollen Bettlerhänden:""Gib einen Blick nur! Eines Hauches Klage!Nur dein Zuviel magst du an mich verschwenden.""Was trennungsflüchtig webt, erträumt sich Einung;Das Ungebor'ne harrt auf Neuerscheinung.Nach Lauten ringt, was ungesagt entglitten;Das Nie-vollbrachte drängt nach Werdethat.Und alle Schmerzen ungefühlt durchlittenUnd jede ungekrönte Welle naht.So dringt auf uns aus Nebel-wall-BewegungVon ""einst"" und ""nie"" die alte Wechselregung.Wie Augen starren graue Nebeltage.Abgründig tief, wie starke Wirbelkreise,Die alles in sich zieh'n. — Die große FrageEntschleiert Wahnsinnsblicke, todtenleise, — —Und langsam schlingen ihren schweren ReigenDie große Frage — — mit dem bösen Schweigen.",l0080064,Nebeltage,"Levetzow, Karl Michael Freiherr von [Levetzow, Carl Freiherr von]",4,6,"Das lyrische Wien. Eine moderne Lese. Mit Dichtungen von Ferdinand von Saar, J. J. David, Franz Herold, Hermann Hango, Josef Kitir, Felix Dörmann, Freiherr Carl von Levetzow, Arnold Hagenauer, Paul Wilhelm, Carl Maria Klob, Hugo von Hofmannsthal. Wien/Berlin/Leipzig 1899.",b'1899',"Renner, August"
78,"Ich blicke von meiner ZeitenhöheHinab in ein Thal voll Unmuth und Wehe,Ich sehe verzweifelnde, grübelnde Knaben,Die einen Funken Wissens haben;Doch statt ihn bescheiden zu fachen und nähren,Mit ihm ihr Lebensgebäude verzehren,Und trotzig-drohend die BrändeErheben wider des Weltalls Wände.Sie stürzen es nicht, die Erdenthoren,Die kleinen, vom thönernen Weibe geboren!Und wenn sie das Nichts auch zum Herren erheben,Sie dienen dem Alle doch mit dem Leben!Sie werden nicht schlafen, sie werden nicht ruhenWie ihre modernden Leiber in Truhen —Auch wenn sie mit Ziffern sich heute beweisen,Dass die leuchtenden Welten, die oben kreisen,Dereinst in unendlichem Sturze und SchwalleDie ewigen Bahnen zerreißen und alleEinander zerschmettern, die Sonnen und Erden.Es wird nicht das Leben verschüttet werden —Der Halm wird geschnitten, die Ähre gedroschen;Doch ist nicht die himmlische Keimkraft erloschen:Der Pflüger wird wieder die Scholle wenden,Und der Sämann säen mit vollen Händen!",l0080031,Ahasver (spricht:),"Hango, Hermann",2,16,"Das lyrische Wien. Eine moderne Lese. Mit Dichtungen von Ferdinand von Saar, J. J. David, Franz Herold, Hermann Hango, Josef Kitir, Felix Dörmann, Freiherr Carl von Levetzow, Arnold Hagenauer, Paul Wilhelm, Carl Maria Klob, Hugo von Hofmannsthal. Wien/Berlin/Leipzig 1899.",b'1899',"Renner, August"
79,"Nur eines kann mich halten noch im LebenUnd kann die dunkle Stunde weiter schieben:Ein schrankenloses, weltvergessenes LiebenUnd Gegenliebe heischendes Bestreben.Denn jeder, der das Dasein will ertragen,Muss sich auf irgend eine Art berauschen,Um nicht verzweifelnd und entsetzt zu lauschenDer armen Erde wehevollem Klagen.Dem einen wird im scharfen reinsten DenkenDes Sonderdaseins seliges Vergessen,Ein andrer muss den Schmerz im Wein ertränken,Ich aber muss ein trautes Weib umpressen,In heißer Liebe ihm die Seele schenken,Wenn nicht, — so eines Abgrunds Tiefe messen.",l0080058,Lebensanker,"Dörmann, Felix",4,3,"Das lyrische Wien. Eine moderne Lese. Mit Dichtungen von Ferdinand von Saar, J. J. David, Franz Herold, Hermann Hango, Josef Kitir, Felix Dörmann, Freiherr Carl von Levetzow, Arnold Hagenauer, Paul Wilhelm, Carl Maria Klob, Hugo von Hofmannsthal. Wien/Berlin/Leipzig 1899.",b'1899',"Renner, August"
80,"Die Straßen schmutzig, grell besäumtVon Jungschnee; feucht die Luft;Die alten Thürme wie verträumt,Umflort von Nebelduft.Almosen sucht von Haus zu HausEin müder Sperlingsflug,Zuweilen klingt der Stadtlärm ausUnd bläst ein Leichenzug.",l0080029,Die Stadt im Schnee,"Hango, Hermann",2,4,"Das lyrische Wien. Eine moderne Lese. Mit Dichtungen von Ferdinand von Saar, J. J. David, Franz Herold, Hermann Hango, Josef Kitir, Felix Dörmann, Freiherr Carl von Levetzow, Arnold Hagenauer, Paul Wilhelm, Carl Maria Klob, Hugo von Hofmannsthal. Wien/Berlin/Leipzig 1899.",b'1899',"Renner, August"
81,"Du, dem in Flammen entloht der Blick,Du, dem die Locke fliegt ins Genick,Dem die Faust sich ballt, dem die Sehne sich streckt,Der zur Höhe wachsend die Glieder reckt,Schlafender Kraft entfesselter Born,Rächender, siegender, heiliger Zorn!Träge, leere Stunden gähnen,An der Seele nagt das Sehnen,Grau Gewölke ob dem Tage,Müde Ebb' im Herzensschlage:Du stürmst nieder wie Wetterwind,Und die Thräne, die Thräne erlösend rinnt!Langmuth ward Frevel, Geduld: Verbrechen —Du magst das Urtheil, das tödtende, sprechen;Lösche sie aus, die schmeichelnde Lüge,Trüge sie auch die geliebtesten Züge;Herkules du im Schlangenkampf,Nieder zum sumpfigen Grund sie stampf'!An des Recht's vermischte MarkenTrittst du, eine Heeresmacht,Wirfst den Arm, den riesenstarken,Jauchzend, tobend durch die Schlacht;Und vor deinem Blicke sinktKraftlos deines Feindes Schwert,Und des Friedens Ruhsitz winktAm befreiten Heimatherd.Du hast Brutus' Dolch gezückt,Du der Guillotine Beil,Von der Armbrust abgedrücktJenes Schweizers sich'ren Pfeil;Ein Erwecker und Entketter,Strahlst du auf wie Morgenlicht,Und ein Heiland und ein Retter,Trittst du in das Weltgericht.Starker Sohn der ew'gen Liebe,Birgst du ihren heil'gen Brand,Trägst du ihrem reinen TriebeDeine Fackel durch das Land;Aus erglühter Kämpfer BusenBricht hervor ihr reiner Strahl,Schimmert durch das Werk der MusenAls der Zukunft Ideal.O sei nahe du mir in der Wolke,Die mir drückend am Herzen hängt,O sei nahe du meinem Volke,Das der lauernde Wahn umdrängt;Du der Ideale Künder,Du der Zukunft Sterne Zünder,Schlafender Kräfte tiefer Born,Rächender, siegender, heiliger Zorn! —",l0080026,An den Zorn,"Herold, Franz",7,8,"Das lyrische Wien. Eine moderne Lese. Mit Dichtungen von Ferdinand von Saar, J. J. David, Franz Herold, Hermann Hango, Josef Kitir, Felix Dörmann, Freiherr Carl von Levetzow, Arnold Hagenauer, Paul Wilhelm, Carl Maria Klob, Hugo von Hofmannsthal. Wien/Berlin/Leipzig 1899.",b'1899',"Renner, August"
82,"Ich bin nicht eine von den Machtgestalten,Die sich im Leben ihren Platz erringen,Die sich mit starker Hand ihr Schicksal zwingenUnd ihres Daseins feindliche Gewalten.Mir graut vor dieser Welt, der fühllos kalten,Ich kann es, kann es nicht zustande bringen,Ihr meines Willens Stempel aufzudringen,Mir graut es vor brutalem Kraftentfalten.Zum Leidertragen bin auch ich erkoren,Weil mir zu wenig Roheit mitgegeben;Ich weiß es längst, dass alle Müh' verloren,Jedwedes starkseinwollende Bestreben.Auch meine Seele wurde krank geboren:Ihr fehlt die Lust, die Kraft, der Muth zum Leben.",l0080057,"""Mon âme est née avec une plaie"" (Lamenais)","Dörmann, Felix",4,3,"Das lyrische Wien. Eine moderne Lese. Mit Dichtungen von Ferdinand von Saar, J. J. David, Franz Herold, Hermann Hango, Josef Kitir, Felix Dörmann, Freiherr Carl von Levetzow, Arnold Hagenauer, Paul Wilhelm, Carl Maria Klob, Hugo von Hofmannsthal. Wien/Berlin/Leipzig 1899.",b'1899',"Renner, August"
83,"Noch ist dein Antlitz hell und mildUnd sanft sind deine Augen;Du könntest zum Madonnenbild,Mit himmlischem GenügenAn jungfräulichen Zügen,Dem frömmsten Maler taugen.Noch könnt' ein starkes, schlichtes Herz,Nicht achtend deines Falles,Mit stumm zurückgewies'nem SchmerzBekränzen, früh Verirrte,Dein Haupt mit weißer Myrte —Verzeiht doch Liebe alles!Noch könntest du so treu, so gut —Wenn du mit reu'ger ThräneIn jenes Herzens milder HutGebüßt die Schuld der Erden —Zum reinsten Weibe werden,Wie einstens Magdalene.Das könntest du! — Doch büßen bleibtJa fremd der raschen Jugend;Das Leben zum Genusse treibt —Wer möcht' es ihr verargen,Dass sie verlacht den kargenUnd matten Lohn der Tugend?Wohlan denn — so genieße, Kind!Lass' deine jungen Sinne —Wie Wölkchen oft vom FrühlingswindZu heimlichen GewitternHerangefächelt — zitternIm heißen Strahl der Minne.Doch wenn die Stunde kommen muss —O dann beglücke jenen,Der längst nach deinem Feuerkuss,Nach deines Gürtels SinkenNach deiner Glieder BlinkenGelechzt mit trunk'nem Sehnen.Der längst erkannt, dass deinem Haupt,Dem schwer zurückgebog'nen,Der Unschuld erster Kranz geraubt —Dass mit bewusstem TrachtenSchon diese Augen schmachten,Die bläulich leicht umzog'nen.Und was du hast an Glut und Blut,Das lasse glüh'n und wallen —Und lass', umwogt von hoher Flut,Wenn, sich die Lippen pressenIn seligem VergessenDen letzten Schleier fallen!Das könntest du. — Doch matt und schwachSchlägt in der Brust das Herz dir —Und sorglos trägst du deine Schmach:Denn jener Tag vor allen,An welchem du gefallen,Bracht' weder Lust noch Schmerz dir.Nicht einmal zürnen kannst du, Weib,Wie schön es dir auch stünde;Du schmückst nur lächelnd deinen Leib,So schwach im WiderstrebenSo treulos ohne Beben —So kühl selbst bei der Sünde.Ich aber, wie Pygmalion,Der schönheitstrunk'ne, wilde,Ich nahe mich zertrümmernd schon,Weil ich mich müh' vergebensUm einen Strahl des Lebens,Dem stummen Götterbilde!",l0080005,Lydia,"Saar, Ferdinand",11,6,"Das lyrische Wien. Eine moderne Lese. Mit Dichtungen von Ferdinand von Saar, J. J. David, Franz Herold, Hermann Hango, Josef Kitir, Felix Dörmann, Freiherr Carl von Levetzow, Arnold Hagenauer, Paul Wilhelm, Carl Maria Klob, Hugo von Hofmannsthal. Wien/Berlin/Leipzig 1899.",b'1899',"Renner, August"
84,"Sie liebt mich nicht! Sie hat es selbst gestanden.Ich will mich finden in die herbe Noth,Doch fesselt sie mit ew'gen LiebesbandenDereinst ein anderer, so ist's der Tod!Ich hasse keinen Menschen hier auf ErdenUnd hoffe selbst auch nie gehasst zu werden,Doch jenen, der uns Alles, Alles raubt,Ich glaube, den zu hassen, ist erlaubt.Wie sollte ich das Dasein noch ertragen,Wenn Hass und Groll mein Innerstes zerstört?Wenn gift'ge Molche mir am Herzen nagen,Und sich mein Wesen gegen den empört,Den sie ja liebt, dem sie sich voll ergeben,Mit Freude und mit Schmerz, fürs ganze Leben.Gott helfe mir, wenn einst der Tag erscheint,Da sie mit einem andern sich vereint.Ich denke ihrer jetzt zu jeder Stunde.Ich kann nicht anders, bin es so gewöhnt.Wenn auch das böse ""Nein"" aus ihrem MundeMir oft im Ohre klingt und mich verhöhnt,So kann ich ihr trotz alledem nicht grollen.Im Gegentheil, ich muss ihr Achtung zollenUnd denke ihrer nur in Dankbarkeit,Wie an ein Traumgesicht voll Seligkeit.Doch furchtbar würde sich der Traum gestalten,Wenn sie einst einem Manne angehört,Der sie nicht edel liebt; der mit GewaltenIhr keusches Wesen frevelhaft zerstört!Wenn ich an eines andern Busen wüssteDie Knospe, ach, vielleicht nur zum Gelüste;Wenn er, ruchlos, mit Schurkenhand entweihtDen Tempel reiner, holder Sittsamkeit.O möge niemals dann der Tag erscheinen,Wo sie in bitt'rer Reue meiner denkt.Wo sie in schmerzensvollem, trübem WeinenMir eine Thräne der Erinn'rung schenkt.Doch wenn sie sich dereinstens so verbindet,Dass sich ihr reines Herz zu gleichem findet:Dann, Gott des Himmels, sprich ein MachtgebotUnd sende mir, statt Groll und Hass, den Tod.",l0080082,Mein Lieben,"Klob, Karl Maria [Klob, Carl M.]",5,8,"Das lyrische Wien. Eine moderne Lese. Mit Dichtungen von Ferdinand von Saar, J. J. David, Franz Herold, Hermann Hango, Josef Kitir, Felix Dörmann, Freiherr Carl von Levetzow, Arnold Hagenauer, Paul Wilhelm, Carl Maria Klob, Hugo von Hofmannsthal. Wien/Berlin/Leipzig 1899.",b'1899',"Renner, August"
85,"Er sprach ihr zu: Der Herr erschufDich mir zur Augenweide;Mir ist deine Stimm' wie Finkenruf,Wie Finkenruf in der Heide.Der Tag steht schwül. Und nun erschalltDies Jauchzen, Pinken, Schmettern:Und in dir rauscht der MaienwaldMit wehenden Schatten und Blättern.",l0080018,Finkenruf,"David, Jakob Julius [David, J. J.]",2,4,"Das lyrische Wien. Eine moderne Lese. Mit Dichtungen von Ferdinand von Saar, J. J. David, Franz Herold, Hermann Hango, Josef Kitir, Felix Dörmann, Freiherr Carl von Levetzow, Arnold Hagenauer, Paul Wilhelm, Carl Maria Klob, Hugo von Hofmannsthal. Wien/Berlin/Leipzig 1899.",b'1899',"Renner, August"
86,"O Mutter!Einst hatt' ich einen bösen Traum.Mir träumte, du wärest gestorben,Und ich hätte so vieles noch,Mutter, dir abzubitten!Aber du lagst auf der BahreUnd sprachst kein Wort,Kein verzeihendes Wort —Und glühend vom Aug' mirStürzten die ThränenBis ich erwachte,Krampfhaft gepresstDas Haupt in die Kissen!Und es war Morgen,Du tratest ans Bett mir,Und glühender, länger als jeAuf deinen Lippen ruhteMein Morgenkuss! ...Und heute — seltsam — heuteTräumt' ich denselben Traum,Aber er ist Wahrheit!Du liegst auf der Bahre,Und meine ThränenNetzen die duftenden Blumen,Die deine bleichen HändeSanft umklammern —Aber dein Mund,Dein süßer MundBleibt stumm und kalt.Du sprichst kein Wort,Kein verzeihendes Wort,Und ich habe so vieles noch,Mutter, dir abzubitten! ...— — — — — — — — —",l0080079,O Mutter! ...,"Wilhelm, Paul",1,34,"Das lyrische Wien. Eine moderne Lese. Mit Dichtungen von Ferdinand von Saar, J. J. David, Franz Herold, Hermann Hango, Josef Kitir, Felix Dörmann, Freiherr Carl von Levetzow, Arnold Hagenauer, Paul Wilhelm, Carl Maria Klob, Hugo von Hofmannsthal. Wien/Berlin/Leipzig 1899.",b'1899',"Renner, August"
87,"Traurige Tage heben den VorhangVor meinem BetteMit bleichen ArmenLangsam empor.Mit dürftigen Lampen leuchten sieDem Schläfer ins Antlitz.Horchen mit gierigen Ohren,Lauschen mit bebenden Lippen,Zählen mit funkelnden AugenAlle Tropfen auf der heißen Stirn.Traurige Tage schalten und walten,Gehen mit leisen SpähertrittenSchlürfend durch Flur und Haus.Und sie locken die SonneHinter dem Flusse empor,Öffnen die Laden,Weiten die Fugen und Ritzen,Bahnen die Wege dem Licht,Scheuchend die NachtUnd den tröstlichen Traum.Endlos ketten sie die Augenblicke,Füllen mit wirren Tönen die Gänge,In Hof und Garten schallen weithinDie herzbeklemmenden, dumpfen Gesänge.Fesseln am Fuß, mit wunden ZehenSchreiten die todmüden Stunden.Traurige Tage walten im Haus.",l0080071,Traurige Tage,"Hagenauer, Arnold",1,27,"Das lyrische Wien. Eine moderne Lese. Mit Dichtungen von Ferdinand von Saar, J. J. David, Franz Herold, Hermann Hango, Josef Kitir, Felix Dörmann, Freiherr Carl von Levetzow, Arnold Hagenauer, Paul Wilhelm, Carl Maria Klob, Hugo von Hofmannsthal. Wien/Berlin/Leipzig 1899.",b'1899',"Renner, August"
88,"Ich gieng mit dir zum Eisenzug,Er fuhr, ich folgte seinem Flug;Bis fern er sich am Bug verlor,Hieltst winkend du dein Tuch empor.Seither mahnt jäh und unverhofftManch kleines Ding mich deiner oft,Jede Bewegung auch von dirTritt reizend noch vors Auge mir.Schon in des Morgens falbem ScheinVerträumter Stirne denk' ich dein,Bis in den Abendschleiern spätEin weißes Tuch noch vor mir weht.",l0080041,Das Tuch,"Kitir, Josef",3,4,"Das lyrische Wien. Eine moderne Lese. Mit Dichtungen von Ferdinand von Saar, J. J. David, Franz Herold, Hermann Hango, Josef Kitir, Felix Dörmann, Freiherr Carl von Levetzow, Arnold Hagenauer, Paul Wilhelm, Carl Maria Klob, Hugo von Hofmannsthal. Wien/Berlin/Leipzig 1899.",b'1899',"Renner, August"
89,"Die wilden Wasser hört' ich tosenIm Lied, das gern mein Ohr vernimmt,Und sah wie überm BodenlosenDas Roth der Abendsonne schwimmt.Und ober mir und mir zur SeitenDer fernen Gletscher schweigend Reich —Da möcht' man weiter, weiter schreiten,Zu welchem Ziele, gilt wohl gleich.Sonst war ich doch im Hoffen träge,Und nunmehr will mir immer sein,Als stünd' erwartend wo am WegeEin einsam Glück und harrte mein....",l0080014,Ahnung,"David, Jakob Julius [David, J. J.]",3,4,"Das lyrische Wien. Eine moderne Lese. Mit Dichtungen von Ferdinand von Saar, J. J. David, Franz Herold, Hermann Hango, Josef Kitir, Felix Dörmann, Freiherr Carl von Levetzow, Arnold Hagenauer, Paul Wilhelm, Carl Maria Klob, Hugo von Hofmannsthal. Wien/Berlin/Leipzig 1899.",b'1899',"Renner, August"
90,"Nun schläfst du Jahre schon, du Arme,In diesem Boden feucht und kalt,Du sonnenmilde, sonnenwarme,Du lichtgeliebte Lenzgestalt.So hätte hier der Tod gelogen,Der an des Bettlers Tisch sich setzt,Den trock'nen Bissen, karg gewogen,Mit seines Trostes Thränen netzt;Er, der des Leidens tiefe SchaleZerbricht, bevor's bespült den Rand,Der richtend beim DespotenmahleSchreibt ""Mene tekel"" an die Wand!O nein! Er kam auch dir, ein Heiland;Dir schweigt die Wehflut nun der Welt,Die schlummerstille dieses EilandDer Ruhe dir umschlungen hält.O nein, er war gerecht und milde:Dir wird nicht Heut', nicht Morgen schwer,Nicht späten Schicksals FurchtgebildeVon tiefverhüllter Zukunft her.Aus deinem Leibe blüh'n die Rosen,Dir liebe Kinder, immerzu,Doch du bist schon im Namenlosen,Bist lang' schon weder ""ich"" noch ""du"".",l0080023,Ein Grab,"Herold, Franz",6,4,"Das lyrische Wien. Eine moderne Lese. Mit Dichtungen von Ferdinand von Saar, J. J. David, Franz Herold, Hermann Hango, Josef Kitir, Felix Dörmann, Freiherr Carl von Levetzow, Arnold Hagenauer, Paul Wilhelm, Carl Maria Klob, Hugo von Hofmannsthal. Wien/Berlin/Leipzig 1899.",b'1899',"Renner, August"
91,"So schwer ich's auch errungen,Jetzt ist's mein höchstes Gut,Dass ich mein Herz bezwungen,Dass all mein Wünschen ruht!Dass über meinem ScheitelDie Mailuft friedsam weht,Kein Sehnen, wirr und eitel,Durch meine Seele geht;In grauen HerbstestagenKein Gram mich mehr befällt,Kein Zürnen und kein KlagenDie Stunden mir vergällt!Dass über diese FernenMein Aug' so ruhig schweift,Gehoben zu den Sternen,Die Seele denkend reift;Dass ich so klein mich fühleIm Treiben meiner ZeitUnd doch die Stirne kühleAm Hauch der Ewigkeit —Der in des Mittags PrächtenGoldschimmernd stille steht,Hochathmend in den NächtenVon Welt zu Welten weht.",l0080028,Erreichung,"Hango, Hermann",2,12,"Das lyrische Wien. Eine moderne Lese. Mit Dichtungen von Ferdinand von Saar, J. J. David, Franz Herold, Hermann Hango, Josef Kitir, Felix Dörmann, Freiherr Carl von Levetzow, Arnold Hagenauer, Paul Wilhelm, Carl Maria Klob, Hugo von Hofmannsthal. Wien/Berlin/Leipzig 1899.",b'1899',"Renner, August"
